investor_id,airtable_record_id,mysql_investor_pk,full_name,firm_name,title,investor_type,check_size_raw,sectors,geographies,stages,takes_meetings,contact_email,contact_phone,notes_raw,source_confidence,merge_method,last_updated_at
98f6eaf2-7dfa-4ca8-b1c3-5b644f283950,rec6837650372,1108,Sameer Bose,Kestrel Ventures,CEO,Operator,,,USA;Canada,Pre-seed and earlier,Yes,,,Currently not deploying. Circle back next year.,clean,exact_key,2022-05-06 19:13:13
f8f48bd6-bb63-413f-95f4-47ad0cee2050,rec4071527537,1218,Elena Novak,Alder Fund,VP cyber investments,,,,Middle East,Pre-seed and earlier;Seed;Series A,Yes,elena.novak@proton.me.,,Deep tech and hardware only. Please no marketplaces. Best contact is elena.novak@proton.me.,clean,exact_key,2020-12-20 06:38:48
119ac802-f6b4-45a0-9868-83b1097443cc,rec7085853814,1168,Owen Palmer,Harbour Labs,US Partner,,,Healthcare - Digital Health;Healthcare - Medical Devices;IoT;Mobility,USA;Canada;Middle East,Pre-seed and earlier;Seed,Yes,owen.palmer@proton.me,,Focus is B2B infrastructure. Ex-operator. Happy to see anything with real revenue. Contact: owen.palmer@proton.me,clean,exact_key,2021-08-23 15:40:14
d827a5c1-65eb-4deb-98b3-9c642169cd04,rec5998778135,1138,Ravi Halvorsen,Granite Group,Principal,Venture Capital;Growth Equity,,Healthcare - Digital Health;Healthcare - Medical Devices,USA,Series A;Series B;Series C+,Yes,,,"Fintech, payments, emerging markets. I lead sometimes. Warm intros only.",clean,exact_key,2022-08-26 23:53:55
12d7565b-55f6-48c5-882d-2dc0420be23f,rec1551538471,1012,Pieter Kovac,Saltmarsh Holdings,Associate,Venture Capital,,InsurTech;Enterprise SaaS;Social Networks / Apps;Hardware / HardTech;Consumer - Tech;Materials Science;DeepTech;Cannabis;Future of Work / Productivity;PropTech / Real Estate;TravelTech;Artificial Intelligence;AR  / VR;Cybersecurity;AdTech;Consumer - Retail;Supply Chain / Logistics;Water;SpaceTech;IoT;Healthcare - Medical Devices;Education;Healthcare - Pharma & Drug Development;Marketplace;ClimateTech;Alternative Energy;RegTech,Europe;Middle East,Pre-seed and earlier;Seed,Yes,pieter.kovac@outlook.com,+1 587-428-4305,Writes first cheques into pre-seed and seed. Reach me on pieter.kovac@outlook.com or +1 587-428-4305 — I don't check LinkedIn.,clean,exact_key,2026-08-19 14:41:22
6f239b53-6739-40b8-aa2a-e3755f9153c3,rec7437993101,1051,Felix Byrne,Fathom Collective,Investment Director,Venture Capital;Corporate VC;Entrepreneur;Other,,Artificial Intelligence;ClimateTech;Consumer - Retail;Food / Alternative Protein;Healthcare - Digital Health;Impact,USA,Seed;Series A;Series B,Yes,,,Currently not deploying. Circle back next year.,clean,exact_key,2022-08-18 20:24:17
9da517ab-669d-4de4-8f6d-31107a122731,rec1582417475,1077,Nikhil Park,Granite Labs,VP Marketing,,,Enterprise SaaS;FinTech;Hardware / HardTech,USA;Canada,Seed;Series A,Yes,nikhil.park@outlook.com.,,Climate + industrial. Co-invest with Lantern Fund. My assistant is nikhil.park@outlook.com.,clean,exact_key,2021-08-09 23:59:16
74a9893e-fe8e-48d4-b955-04f515274a4c,rec9805362475,1125,Elena Khanna,Granite Advisors,Managing Partner,,,Consumer - Tech;Healthcare - Digital Health;InsurTech;Supply Chain / Logistics;Sustainability,USA,Seed,Yes,elena.khanna@gmail.com.,,Deep tech and hardware only. Please no marketplaces. Best contact is elena.khanna@gmail.com.,clean,exact_key,2021-11-23 17:04:06
4c8289c0-597b-4a8c-beda-d7e4aadd23a5,rec2436757362,1127,Noah Moreau,Copperline Capital,Managing Director,Angel Investor;Family Office;Venture Capital;Entrepreneur;Operator,10k to $100k and my co-investors are anywhere between 100-3M+,,USA;Canada;Latin America/Caribbean;South America,Pre-seed and earlier;Seed;Series A;Series B,Yes,,,Generalist. Sector agnostic. Interested in strong founders more than markets.,clean,exact_key,2023-10-19 15:20:26
73c6703a-2a51-4de0-addb-25c16918b292,rec3864886996,1026,Arjun Costa,Copperline Capital,CEO,Angel Investor;Entrepreneur;Operator,$100-$150K,FinTech;InsurTech;PropTech / Real Estate,USA;Canada;Latin America/Caribbean;South America;Europe;Middle East,Pre-seed and earlier;Seed;Series A;Series B,Yes,arjun.costa@proton.me,,Focus is B2B infrastructure. Ex-operator. Happy to see anything with real revenue. Contact: arjun.costa@proton.me,clean,exact_key,2023-02-22 01:33:59
1618460e-6adc-4f84-8681-5660dc45afcf,rec4778508615,1177,Elena Okafor,Vector Fund,Investor Relations Manager,Venture Capital,,Artificial Intelligence;ClimateTech;Cybersecurity;DeepTech;Education;Enterprise SaaS;FinTech;Future of Work / Productivity;Human Resources;Marketplace;Supply Chain / Logistics;Sustainability,USA;Canada;Europe,Pre-seed and earlier;Seed,Yes,,,"Fintech, payments, emerging markets. I lead sometimes. Warm intros only.",clean,exact_key,2022-09-12 13:02:47
48fae321-dedc-4f75-a250-06b07c3746d7,rec6629614125,1037,Marco Silva,Ember Partners,Associate,Venture Capital;Corporate VC,,Healthcare - Digital Health,USA,Series A;Series B;Series C+,Yes,,,,clean,exact_key,2022-05-02 21:27:53
8ebad4a7-def0-4f54-be96-d9704aeb2e72,rec1227381032,1058,Divya Haddad,Vector Holdings,Venture Partner,,,,USA;Canada,Seed;Series A,Yes,,,Currently not deploying. Circle back next year.,clean,exact_key,2021-01-26 04:54:33
eecf362d-b985-41ab-a158-379fed4f14b9,rec4341432943,1042,Kabir Khanna,Saltmarsh Ventures,Head of North America,Venture Capital,,AdTech;Artificial Intelligence;AR  / VR;Blockchain / Digital Assets;Consumer - Retail;Consumer - Tech;Education;Enterprise SaaS;Future of Work / Productivity;Gaming;Human Resources;Impact;IoT;Marketplace;Media;Mobility;PropTech / Real Estate;Social Networks / Apps;SpaceTech;SportsTech;TravelTech,USA;Europe,Pre-seed and earlier;Seed;Series A,Yes,,,Currently not deploying. Circle back next year.,clean,exact_key,2023-07-28 18:29:29
dda920b8-fb8e-447c-a93d-8aacad9c9a2f,rec1772643455,1122,Priya Baker,Alder Fund,Managing Director,Venture Capital,,AdTech;Artificial Intelligence;AR  / VR;Blockchain / Digital Assets;Cannabis;ClimateTech;Consumer - Retail;Consumer - Tech;Cybersecurity;DeepTech;Education;Enterprise SaaS;FinTech;Food / Alternative Protein;Future of Work / Productivity;Hardware / HardTech;Healthcare - Digital Health;Healthcare - Medical Devices;Human Resources;InsurTech;IoT;LegalTech;Marketplace;PropTech / Real Estate;RegTech;SpaceTech;SportsTech;TravelTech;Water,USA;Canada;Latin America/Caribbean;Europe,Pre-seed and earlier;Seed;Series A,Yes,,,Currently not deploying. Circle back next year.,clean,exact_key,2025-01-15 19:48:32
52dcdc12-42cd-4f27-8e21-573e5a481cef,rec1466759476,1039,Meera Nair,Riverstone Partners,Principal / Junior Partner,Venture Capital,,AdTech;Agriculture;Alternative Energy;Artificial Intelligence;AR  / VR;Blockchain / Digital Assets;ClimateTech;Consumer - Retail;Consumer - Tech;DeepTech;Education;Enterprise SaaS;FinTech;Healthcare - Digital Health;Healthcare - Medical Devices;Human Resources;InsurTech;IoT;Marketplace;Media;Mobility;PropTech / Real Estate;SportsTech;Supply Chain / Logistics;Sustainability;TravelTech,Europe,Pre-seed and earlier;Seed;Series A,Yes,,,See my website. I don't share a check size publicly.,clean,exact_key,2022-05-04 07:18:31
22c4aace-9bd6-45bc-b010-268e11af50d0,rec6620140497,1185,Sana Rossi,Cinder Advisors,General Partner,,,AdTech;Artificial Intelligence;Blockchain / Digital Assets;Consumer - Tech;Cybersecurity;DeepTech;Education;Enterprise SaaS;FinTech;Future of Work / Productivity;Gaming;Human Resources;InsurTech;LegalTech;Marketplace;Mobility;PropTech / Real Estate;RegTech;Social Networks / Apps;SportsTech;Supply Chain / Logistics;Sustainability;TravelTech,USA;Canada,Seed;Series A;Series B,Yes,sana.rossi@proton.me,+1 587-420-7661,Writes first cheques into pre-seed and seed. Reach me on sana.rossi@proton.me or +1 587-420-7661 — I don't check LinkedIn.,clean,exact_key,2021-11-21 21:02:51
2c901049-45cf-4ce0-b973-8a14eb5d7352,rec6372520715,1089,Ananya Rao,,Managing Director,Venture Capital,,Blockchain / Digital Assets;FinTech,Latin America/Caribbean;South America,Seed,Yes,,,Generalist. Sector agnostic. Interested in strong founders more than markets.,clean,exact_key,2022-08-22 18:58:27
cf3a3dc2-4b93-4f85-9c13-fc014330808c,rec2946418691,1116,Priya Baker,Granite Ventures,Head of VC Coverage (also Fund and Angel investor),,,,USA;Canada,Seed;Series A,Yes,,+1 662-228-9180,"I invest personally, not through the fund. Typical cheque 25-50k. +1 662-228-9180 is fastest.",clean,exact_key,2021-01-14 17:28:09
873e4e54-4e72-488d-83f3-77db6607aae0,rec6727674079,1155,Adam Rossi,Vector Labs,Managing Director,,,,USA;Canada,Pre-seed and earlier;Seed,Yes,adam.rossi@proton.me.,,Climate + industrial. Co-invest with Granite Partners. My assistant is adam.rossi@proton.me.,clean,exact_key,2020-11-19 14:55:49
75a5ce45-0447-41bd-af88-54c6929eabe1,rec3010147181,1023,Owen Rao,Halfmoon Collective,Managing Partner,,,Healthcare - Pharma & Drug Development,USA,Pre-seed and earlier;Seed;Series A,Yes,,,Generalist. Sector agnostic. Interested in strong founders more than markets.,clean,exact_key,2021-11-11 14:47:50
51a10eed-0b31-41ed-8581-44222ff92157,rec8375505674,1213,Priya Tran,Northgate Fund,General Partner,,,,USA;Canada;South America;Africa,Pre-seed and earlier;Seed,Yes,,,Currently not deploying. Circle back next year.,clean,exact_key,2022-03-17 16:34:59
1e9421c2-361d-4fc5-8d21-facbbee6143b,rec3951047738,1215,Neha Verma,Meridian Ventures,Venture Partner,Angel Investor;Accelerator;Venture Capital,,Healthcare - Pharma & Drug Development;Hardware / HardTech;PropTech / Real Estate;Gaming;FinTech;Cybersecurity;IoT;Education;Mobility;SpaceTech;DeepTech;Water;Human Resources;ClimateTech;Future of Work / Productivity;Alternative Energy;Impact;Sustainability;Enterprise SaaS;AR  / VR;Food / Alternative Protein;TravelTech;Consumer - Retail;Supply Chain / Logistics;Consumer - Tech;AdTech;SportsTech,USA,Pre-seed and earlier;Seed;Series A,Yes,,,Generalist. Sector agnostic. Interested in strong founders more than markets.,clean,exact_key,2024-01-15 16:52:07
4b764245-b624-4897-8f9b-927f8c4ed8de,rec6397199769,1156,Leila Adeyemi,Saltmarsh Ventures,Associate Director,Venture Capital,,,Europe;Africa;Middle East,Series A;Not investing right now.,Yes,leila.adeyemi@gmail.com,,Focus is B2B infrastructure. Ex-operator. Happy to see anything with real revenue. Contact: leila.adeyemi@gmail.com,clean,exact_key,2022-09-09 12:18:26
cf66f26d-f62a-4332-93b0-9a5b027d598b,rec4458555246,1038,Vikram Byrne,,Managing Partner,,,,USA;Southeast Asia,Seed;Series A,Yes,vikram.byrne@proton.me.,,Climate + industrial. Co-invest with Harbour Labs. My assistant is vikram.byrne@proton.me.,clean,exact_key,2021-01-08 03:13:01
e01e92dc-3b01-461f-81f8-35d24f353e2b,rec9386503443,1007,Anna Chen,vector partners,Principal,Venture Capital,,AdTech;Consumer - Retail;Consumer - Tech;DeepTech;Education;Enterprise SaaS;FinTech;Hardware / HardTech;InsurTech;PropTech / Real Estate;SpaceTech;SportsTech;Supply Chain / Logistics;TravelTech,USA;India,Pre-seed and earlier;Seed;Series A,Yes,anna.chen@gmail.com.,,Climate + industrial. Co-invest with Granite Labs. My assistant is anna.chen@gmail.com.,clean,exact_key,2023-05-16 19:42:37
4ac734a3-f8ca-4850-8ba6-608902eb8a4d,rec5624966672,1095,Johan Tran,Northgate Fund,Senior Strategy & Investment Manager,,,,USA;Canada;East Asia,Seed;Series A;Series B;Series C+,Yes,johan.tran@proton.me,,Focus is B2B infrastructure. Ex-operator. Happy to see anything with real revenue. Contact: johan.tran@proton.me,clean,exact_key,2021-01-26 23:51:06
ef1f48cc-2b2d-403a-9c84-e9924ba8cebe,rec7734371061,1018,Lukas Braun,Ironwood Labs,Vice President,,,,USA;Canada,Series A;Series B;Series C+,Yes,,,"Fintech, payments, emerging markets. I lead sometimes. Warm intros only.",clean,exact_key,2020-12-08 20:35:25
dd2d3daa-62d7-4606-b405-cd3562c057e2,rec8202680067,1021,Ravi Lindqvist,Beacon Labs,Investment Analyst,,,Artificial Intelligence;Blockchain / Digital Assets;Consumer - Retail;Consumer - Tech;Cybersecurity;Enterprise SaaS;FinTech;Food / Alternative Protein;Impact;InsurTech;LegalTech;Marketplace;PropTech / Real Estate;Sustainability;TravelTech,USA;Canada;Latin America/Caribbean;South America;Europe;Africa;Middle East;East Asia;India;Southeast Asia;Australia/Oceania,Seed;Series A;Series B;Series C+,Yes,,,See my website. I don't share a check size publicly.,clean,exact_key,2022-03-10 15:20:12
ae91a127-ef47-4b9a-9a11-62338bac3ab0,rec3984592764,1084,Meera Kovac,Ironwood Holdings,Partner,,,,USA;Canada;Europe;East Asia;India;Southeast Asia;Australia/Oceania,Seed;Series A;Series B,Yes,meera.kovac@outlook.com,+1 229-994-4155,Writes first cheques into pre-seed and seed. Reach me on meera.kovac@outlook.com or +1 229-994-4155 — I don't check LinkedIn.,clean,exact_key,2021-07-20 23:22:47
6646e310-aa4e-4f9f-a80b-6ba2feff25d5,rec5888751583,1006,Pieter Hughes,fathom group,,,,,USA,Seed;Series A;Series B;Series C+,,pieter.hughes@proton.me.,,Deep tech and hardware only. Please no marketplaces. Best contact is pieter.hughes@proton.me.,clean,exact_key,2020-05-01 23:02:20
fb5be7d1-00ca-468c-b887-85a6485c0924,rec9510435244,1034,Ethan Hughes,Kestrel Collective,,,,,,,,ethan.hughes@gmail.com,+1 957-792-6555,Writes first cheques into pre-seed and seed. Reach me on ethan.hughes@gmail.com or +1 957-792-6555 — I don't check LinkedIn.,clean,exact_key,2020-04-22 22:17:14
755818f6-d446-4017-9179-5ff0ffdef7e8,rec3675879550,1139,Noah Dubois,Saltmarsh Ventures,Managing Partner,,,Consumer - Retail;Consumer - Tech;FinTech;Food / Alternative Protein;Future of Work / Productivity;Hardware / HardTech;Healthcare - Digital Health;Healthcare - Medical Devices;InsurTech;Marketplace;PropTech / Real Estate;SportsTech;Supply Chain / Logistics;Sustainability,USA,Pre-seed and earlier;Seed,Yes,,,Generalist. Sector agnostic. Interested in strong founders more than markets.,clean,exact_key,2021-11-09 05:06:48
1fc69a0b-43bf-497f-9afb-b9c4b75b70c3,rec3216916214,1161,Nikhil Novak,Lantern Fund,General Partner,,,AdTech;Artificial Intelligence;Blockchain / Digital Assets;Consumer - Tech;Cybersecurity;DeepTech;Education;Enterprise SaaS;FinTech;Future of Work / Productivity;Gaming;Human Resources;InsurTech;LegalTech;Marketplace;Mobility;PropTech / Real Estate;RegTech;Social Networks / Apps;SportsTech;Supply Chain / Logistics;Sustainability;TravelTech,USA;Canada,Seed;Series A;Series B,Yes,nikhil.novak@proton.me.,,Climate + industrial. Co-invest with Northgate Fund. My assistant is nikhil.novak@proton.me.,clean,exact_key,2021-11-21 21:02:51
dcab58ff-3445-4f24-9697-ad4ee3130a60,rec6255772863,1214,Kabir Bose,Kestrel Collective,Partner,Venture Capital,,AR  / VR;Healthcare - Digital Health;Healthcare - Medical Devices;Healthcare - Pharma & Drug Development,USA;Canada;Europe,Pre-seed and earlier;Seed;Series A;Series B,Yes,,,"Fintech, payments, emerging markets. I lead sometimes. Warm intros only.",clean,exact_key,2024-01-15 17:44:48
2063f651-3465-45c7-8230-5d12b109d02d,rec3192824968,1112,Ananya Silva,Fathom Group,Director,Family Office;Venture Capital,,Healthcare - Pharma & Drug Development,USA;East Asia,Seed;Series A;Series B,Yes,ananya.silva@outlook.com,,Focus is B2B infrastructure. Ex-operator. Happy to see anything with real revenue. Contact: ananya.silva@outlook.com,clean,exact_key,2023-09-21 19:18:26
6a0d2084-d126-4005-8596-c6fd3822b7f5,rec5681443756,1195,Anna Sharma,Ember Partners,General Partner,Venture Capital,,Alternative Energy;Artificial Intelligence;DeepTech;Enterprise SaaS;Future of Work / Productivity;Healthcare - Digital Health;Healthcare - Medical Devices;Human Resources;IoT;Robotics,USA;Canada,Pre-seed and earlier;Seed,Yes,anna.sharma@proton.me.,,Climate + industrial. Co-invest with Ironwood Partners. My assistant is anna.sharma@proton.me.,clean,exact_key,2023-06-02 16:13:10
3f164c6c-bf13-4fe1-b23d-030ca8c34b4b,rec4429614553,1000,Nikhil Karim,Ember Partners,,,,,USA;Canada;Europe,Pre-seed and earlier;Seed;Series A,,,,Currently not deploying. Circle back next year.,clean,exact_key,2020-08-14 13:26:07
24e99870-85f7-4097-9eb9-9796e8b85ed3,rec8749491047,1128,Kabir Rossi,Kestrel Advisors,Investor & LP,Angel Investor;Venture Capital;Entrepreneur,$25-100k,Alternative Energy;Artificial Intelligence;ClimateTech;Consumer - Retail;Consumer - Tech;DeepTech;Enterprise SaaS;Future of Work / Productivity;Hardware / HardTech;IoT;Marketplace;Materials Science;Media;Mobility;PropTech / Real Estate;Robotics;SpaceTech;Supply Chain / Logistics;Sustainability,USA;Canada,Pre-seed and earlier;Seed;Series A;Series B,Yes,kabir.rossi@proton.me,,Focus is B2B infrastructure. Ex-operator. Happy to see anything with real revenue. Contact: kabir.rossi@proton.me,clean,exact_key,2026-03-07 00:01:20
b9533264-5b06-4445-bf04-3767a16f0427,rec3541225120,1225,Arjun Rao,Copperline Capital,Senior Associate,,,AdTech,USA,Seed;Series A,,,,See my website. I don't share a check size publicly.,clean,exact_key,2020-08-13 16:28:28
4cceaf71-cdc6-4aa4-878e-04c1258ff223,rec4069697166,1205,Chloe Palmer,Cinder Advisors,Senior Director/Head of Investment Dept,Venture Capital;Corporate VC,,Healthcare - Medical Devices,East Asia,Seed;Series A;Series B;Series C+,Yes,,,Currently not deploying. Circle back next year.,clean,exact_key,2022-11-22 05:58:12
337d9236-886e-4901-a0e9-b1952d893e71,rec7086647127,1134,Sofia Rao,Fathom Partners,Managing Director,,,,USA;Canada,Pre-seed and earlier;Seed;Series A,,,,Generalist. Sector agnostic. Interested in strong founders more than markets.,clean,exact_key,2020-07-20 20:06:57
74fff83f-02bb-4d0a-b56d-433470026216,rec9749801528,1190,Anna Reid,Copperline Partners,Managing Partner,Venture Capital,,Healthcare - Digital Health;Healthcare - Medical Devices;Healthcare - Pharma & Drug Development,USA;Canada,Seed;Series A,Yes,,,Currently not deploying. Circle back next year.,clean,exact_key,2022-11-15 01:38:43
553e3d1f-bf4c-439a-9475-25a774cd35b7,rec4563711754,1196,Tara Silva,Drift Labs,,,,,,,,,,"Fintech, payments, emerging markets. I lead sometimes. Warm intros only.",clean,exact_key,2020-05-01 13:47:40
df49c4da-0174-49e1-9cf7-aae47f1ccc79,rec5668310417,1099,Chloe Rao,Halfmoon Capital,Principal,,,Artificial Intelligence;AR  / VR;Blockchain / Digital Assets;Consumer - Tech;Enterprise SaaS;Food / Alternative Protein;Future of Work / Productivity;Gaming;Healthcare - Digital Health;Healthcare - Medical Devices;Human Resources;Marketplace;SportsTech,USA;Canada;Europe,Series B;Series C+,Yes,,,,clean,exact_key,2022-01-22 01:21:22
f778f8a8-787d-4714-9792-cf44a0c0950a,rec3215828392,1111,Vikram Khanna,Quarry Group,Associate Investor,,,Healthcare - Digital Health;Healthcare - Medical Devices;Healthcare - Pharma & Drug Development,USA,Seed;Series A,Yes,,,"Fintech, payments, emerging markets. I lead sometimes. Warm intros only.",clean,exact_key,2022-02-14 19:04:01
117aaaa4-b269-487b-83e4-bc2354bba26b,rec2613519195,1149,Adam Palmer,Vector Advisors,Partner,,,,USA;Canada;Latin America/Caribbean;South America;Europe;Africa;Middle East;East Asia;India;Southeast Asia;Australia/Oceania,Pre-seed and earlier;Seed,Yes,,,Generalist. Sector agnostic. Interested in strong founders more than markets.,clean,exact_key,2021-04-21 15:48:14
d3299368-3ae8-439c-a539-afb3e41dce14,rec3354731831,1197,Sana Braun,Saltmarsh Holdings,CEO,Entrepreneur,,ClimateTech;Enterprise SaaS;FinTech;Future of Work / Productivity;Hardware / HardTech;IoT,USA;Europe,Pre-seed and earlier;Seed,Yes,,,"Fintech, payments, emerging markets. I lead sometimes. Warm intros only.",clean,exact_key,2022-05-16 22:58:30
0e3b3779-bad3-414e-a5d6-be3203440b6c,rec6522255991,1092,Yusuf Iyer,Kestrel Ventures,Managing Director,,,,USA;Latin America/Caribbean;Europe;Middle East,Seed;Series A;Series B,Yes,,+1 556-751-8073,"I invest personally, not through the fund. Typical cheque 25-50k. +1 556-751-8073 is fastest.",clean,exact_key,2021-01-27 08:23:22
929bc174-7552-4387-97fd-a2deb017d035,rec1213489362,1062,Grace Costa,Halfmoon Holdings,General Partner,,,AdTech;Artificial Intelligence;Blockchain / Digital Assets;Consumer - Tech;Cybersecurity;DeepTech;Education;Enterprise SaaS;FinTech;Future of Work / Productivity;Gaming;Human Resources;InsurTech;LegalTech;Marketplace;Mobility;PropTech / Real Estate;RegTech;Social Networks / Apps;SportsTech;Supply Chain / Logistics;Sustainability;TravelTech,USA;Canada,Seed;Series A;Series B,Yes,,,Currently not deploying. Circle back next year.,clean,exact_key,2021-11-21 21:02:51
1719ad77-b444-45b1-95ee-b659d3edf08c,rec2195239509,1071,Ethan Tran,Vector Labs,Principal,Venture Capital,,AdTech;Agriculture;Artificial Intelligence;Blockchain / Digital Assets;ClimateTech;Consumer - Tech;Cybersecurity;DeepTech;Education;Enterprise SaaS;FinTech;Food / Alternative Protein;Future of Work / Productivity;Human Resources;InsurTech;IoT;LegalTech;Marketplace;Media;Mobility;PropTech / Real Estate;Robotics;Social Networks / Apps;Supply Chain / Logistics;TravelTech,USA;Canada;Latin America/Caribbean;South America;Europe;Africa;Middle East;East Asia;India;Southeast Asia;Australia/Oceania,Seed;Series A,Yes,ethan.tran@outlook.com,+1 753-256-4684,Writes first cheques into pre-seed and seed. Reach me on ethan.tran@outlook.com or +1 753-256-4684 — I don't check LinkedIn.,clean,exact_key,2023-08-16 20:51:25
59201b03-7d83-4e9b-a3c1-3e5564e463f4,rec9029812489,1070,Elena Doyle,Halfmoon Holdings,CEO,Entrepreneur,,Consumer - Retail;Enterprise SaaS;Mobility,Europe;East Asia,Not investing right now.,Yes,,,Currently not deploying. Circle back next year.,clean,exact_key,2022-06-09 14:46:08
3f5eea8c-4ae0-4d3a-bf73-2192b11d170e,rec8155817396,1220,Tara Kapoor,Lantern Advisors,CEO,Entrepreneur,,,USA,Not investing right now.,Yes,,,"Fintech, payments, emerging markets. I lead sometimes. Warm intros only.",clean,exact_key,2022-06-11 23:24:45
7693a2fa-9d6d-44c3-9eb4-914c1aafe064,rec3562215347,1049,Ananya Shaw,Saltmarsh Capital,,,,,USA,Pre-seed and earlier;Seed;Series A;Series B;Series C+,,,,See my website. I don't share a check size publicly.,clean,exact_key,2020-08-11 18:31:20
c98ee1cd-bca8-4035-a7db-6d2be2feb9d8,rec5828007811,1167,Dev Hughes,Copperline Partners,Venture Associate,Venture Capital,,Cybersecurity;DeepTech;Education;Enterprise SaaS;FinTech;Future of Work / Productivity;Healthcare - Digital Health;RegTech,USA,Seed;Series A,Yes,,,Currently not deploying. Circle back next year.,clean,exact_key,2026-02-05 16:43:49
88140f54-2641-471b-a3de-8ccf8915ffab,rec9734294288,1053,Nikhil Palmer,Ironwood Labs,Partner,Venture Capital,,,USA,Pre-seed and earlier;Seed;Series A,Yes,,,"Fintech, payments, emerging markets. I lead sometimes. Warm intros only.",clean,exact_key,2023-04-01 22:45:30
4236f1b5-c3e4-4dee-9901-b0dea5e38985,rec8275592305,1082,Kiran Halvorsen,Ember Ventures,Managing Partner,,,,USA,Seed;Series A,Yes,kiran.halvorsen@gmail.com.,,Deep tech and hardware only. Please no marketplaces. Best contact is kiran.halvorsen@gmail.com.,clean,exact_key,2021-05-05 16:45:08
d61fbcd5-56fd-4f81-8d11-ff557574cadf,rec9157558290,1104,Tara Hughes,Kestrel Labs,MD,,,Agriculture;Alternative Energy;Artificial Intelligence;Blockchain / Digital Assets;ClimateTech;Consumer - Retail;Consumer - Tech;Education;Enterprise SaaS;FinTech;Future of Work / Productivity;Healthcare - Digital Health;Human Resources;Impact;InsurTech;IoT;LegalTech;Marketplace;Media;Mobility;PropTech / Real Estate;Robotics;Supply Chain / Logistics;Sustainability;Water,USA;Latin America/Caribbean;South America,Pre-seed and earlier;Seed;Series A,Yes,,,Generalist. Sector agnostic. Interested in strong founders more than markets.,clean,exact_key,2022-03-21 20:41:38
64c08b2d-4f49-4e09-8bdc-4b4e6b7e6750,rec5529819450,1204,Neha Aziz,Halfmoon Ventures,Managing Director,Venture Capital;Other,,AdTech;Agriculture;Alternative Energy;Artificial Intelligence;Blockchain / Digital Assets;ClimateTech;Consumer - Retail;Consumer - Tech;Cybersecurity;DeepTech;Enterprise SaaS;FinTech;Food / Alternative Protein;Future of Work / Productivity;Hardware / HardTech;Healthcare - Digital Health;Healthcare - Medical Devices;Healthcare - Pharma & Drug Development;Impact;InsurTech;IoT;LegalTech;Materials Science;Media;Mobility;PropTech / Real Estate;RegTech;Robotics;SportsTech;Supply Chain / Logistics;Sustainability;TravelTech,USA;Canada;Latin America/Caribbean;South America;Europe;Middle East,Seed;Series A,Yes,neha.aziz@gmail.com,+1 818-407-4183,Writes first cheques into pre-seed and seed. Reach me on neha.aziz@gmail.com or +1 818-407-4183 — I don't check LinkedIn.,clean,exact_key,2026-03-05 19:54:19
f2ed0b64-6cbf-4250-a234-efe347246f0c,rec4698521471,1169,Grace Bose,Saltmarsh Holdings,BD Director,Venture Capital;Other,,AdTech;DeepTech;Healthcare - Medical Devices;Healthcare - Pharma & Drug Development,USA;Europe;East Asia,Pre-seed and earlier;Seed;Series A;Series B;Series C+,Yes,,,,clean,exact_key,2022-11-19 14:25:26
a5511e87-5645-4bdc-b21d-709e3f5cc71d,rec1761447600,1040,Tara Khanna,Vector Labs,"Founder, Managing Director",Angel Investor;Entrepreneur;Operator,$250k-$1Mil,,USA;Canada;South America;Europe;Middle East;Australia/Oceania,Pre-seed and earlier;Seed;Series A,Yes,tara.khanna@outlook.com,+1 777-286-6535,Writes first cheques into pre-seed and seed. Reach me on tara.khanna@outlook.com or +1 777-286-6535 — I don't check LinkedIn.,clean,exact_key,2022-12-08 20:22:53
f89c473c-12a6-4a6f-9cfa-d494c6681306,rec9156451530,1014,Omar Novak,Lantern Fund,Investor,Angel Investor;Venture Capital,,,USA,Pre-seed and earlier;Seed;Series B;Series C+,Yes,omar.novak@proton.me.,,Climate + industrial. Co-invest with Vector Advisors. My assistant is omar.novak@proton.me.,clean,exact_key,2023-08-16 01:54:52
ec16af9e-1eed-4464-89f2-8af62787e3cc,rec2652318430,1085,Sofia Adeyemi,Ironwood Partners,"Co-Founder, Managing Member",,,,USA;Canada,Seed;Series A;Series B,,sofia.adeyemi@proton.me,+1 664-760-2954,Writes first cheques into pre-seed and seed. Reach me on sofia.adeyemi@proton.me or +1 664-760-2954 — I don't check LinkedIn.,clean,exact_key,2020-10-13 14:06:56
43192235-73de-498d-9d3b-3907d64c1596,rec3680146698,1123,Omar Novak,,Founder & Managing Partner,Entrepreneur;Operator,N/A,Healthcare - Digital Health;Healthcare - Medical Devices;Healthcare - Pharma & Drug Development;SportsTech,USA;Canada,Not investing right now.,Yes,,,"Fintech, payments, emerging markets. I lead sometimes. Warm intros only.",clean,exact_key,2023-08-22 01:02:20
f438d317-778a-4715-a10d-92f2ea473a93,rec7643524519,1142,Kiran Verma,Granite Labs,Managing Partner,,,,USA;Canada;Latin America/Caribbean;South America,Pre-seed and earlier;Seed;Series A,,kiran.verma@outlook.com,,Focus is B2B infrastructure. Ex-operator. Happy to see anything with real revenue. Contact: kiran.verma@outlook.com,clean,exact_key,2020-10-21 16:40:32
f84508da-e2c2-4da3-af07-be03455d646a,rec9287033584,1008,Rohan Doyle,Granite Ventures,"Vice President, Capital Markets",,,,USA;Canada;East Asia,Pre-seed and earlier;Seed,Yes,rohan.doyle@proton.me,+1 608-624-9987,Writes first cheques into pre-seed and seed. Reach me on rohan.doyle@proton.me or +1 608-624-9987 — I don't check LinkedIn.,clean,exact_key,2020-12-10 01:08:59
0b3ea647-8ac0-4b27-b43a-9d5a534a7327,rec8128620213,1004,Kabir Rossi,Riverstone Partners,Head of Legal,Entrepreneur,,Agriculture;Artificial Intelligence;AR  / VR;Blockchain / Digital Assets;Cannabis;Gaming;Healthcare - Digital Health;Healthcare - Pharma & Drug Development;LegalTech;Marketplace;PropTech / Real Estate;Robotics;SpaceTech;Sustainability,USA;Canada;Europe;Middle East,Not investing right now.,Yes,,,,clean,exact_key,2022-10-26 10:44:18
d0bb1b40-47d1-4912-9755-cd67fdc4fa3e,rec7955687652,1044,Adam Baker,,Lead Investments : North America,,,,USA;Canada;India;Southeast Asia,Seed;Series A,Yes,adam.baker@proton.me,+1 657-696-3949,Writes first cheques into pre-seed and seed. Reach me on adam.baker@proton.me or +1 657-696-3949 — I don't check LinkedIn.,clean,exact_key,2021-03-04 16:15:27
14ae8ccb-512c-4288-83f0-52cb062d7464,rec2659479872,1028,Kiran Bose,Saltmarsh Ventures,Vice President,,,,USA,Series A;Series B;Series C+,Yes,kiran.bose@gmail.com.,,Climate + industrial. Co-invest with Northgate Holdings. My assistant is kiran.bose@gmail.com.,clean,exact_key,2021-01-27 22:44:27
917386a5-21f0-43da-b4b4-94851511664a,rec6220070002,1162,Nikhil Baker,Halfmoon Fund,CEO and CoFounder,Entrepreneur;Operator,,,USA,Pre-seed and earlier;Seed;Not investing right now.,Yes,nikhil.baker@outlook.com,,Focus is B2B infrastructure. Ex-operator. Happy to see anything with real revenue. Contact: nikhil.baker@outlook.com,clean,exact_key,2025-08-22 17:16:05
ea1d6a82-87db-460e-beba-6932cb8d99a4,rec3257357751,1201,Aarav Iyer,Vector Labs,Senior Associate,Family Office;Venture Capital;Corporate VC,,Blockchain / Digital Assets;Consumer - Tech;Enterprise SaaS;Future of Work / Productivity;IoT;Marketplace;PropTech / Real Estate;Robotics;Sustainability,USA;Canada;Europe;India;Southeast Asia;Australia/Oceania,Seed;Series A;Series B,Yes,aarav.iyer@gmail.com.,,Deep tech and hardware only. Please no marketplaces. Best contact is aarav.iyer@gmail.com.,clean,exact_key,2022-09-07 19:04:38
bf9f4ff0-fbb9-4fef-8bc5-04c4496ee7da,rec3012895371,1181,Anna Khanna,Granite Labs,,,,,,,,,,Generalist. Sector agnostic. Interested in strong founders more than markets.,clean,exact_key,2020-02-16 08:38:18
203cba59-be80-433a-887d-6443b68f561c,rec3283551461,1107,Nikhil Bose,Meridian Capital,Investor Life Sciences & MedTech,,,,Europe,Pre-seed and earlier;Seed;Series A;Series B,Yes,,,"Fintech, payments, emerging markets. I lead sometimes. Warm intros only.",clean,exact_key,2021-03-04 07:40:24
bb2d1cd9-b699-4c55-9c50-0f940a36850d,rec8300931945,1199,Ravi Rao,Granite Partners,Principal,,,,India,Series A,,,,Currently not deploying. Circle back next year.,clean,exact_key,2020-08-05 08:13:48
b6494928-c759-4694-9657-40bc120ce6f2,rec7263247167,1010,Nikhil Nguyen,Saltmarsh Advisors,CEO,Entrepreneur;Operator;Other,,Cannabis;Healthcare - Digital Health;ClimateTech;Materials Science;RegTech;Mobility;Alternative Energy;Cybersecurity;LegalTech;SpaceTech;Agriculture;DeepTech;Consumer - Retail;Education;Future of Work / Productivity;Impact;Human Resources;Marketplace;Supply Chain / Logistics;Healthcare - Medical Devices;InsurTech;Media;Robotics;Blockchain / Digital Assets;Hardware / HardTech;Water;Enterprise SaaS,USA;East Asia;Australia/Oceania,Not investing right now.,Yes,nikhil.nguyen@outlook.com,+1 983-208-3479,Writes first cheques into pre-seed and seed. Reach me on nikhil.nguyen@outlook.com or +1 983-208-3479 — I don't check LinkedIn.,clean,exact_key,2022-05-10 18:52:01
e30b63a7-86a5-4ae9-b78d-fbf75edc4948,rec9415259314,1157,Grace Dubois,Meridian Ventures,Managing Partner / CEO,Other,,AdTech;Agriculture;Alternative Energy;Artificial Intelligence;AR  / VR;Blockchain / Digital Assets;Cannabis;ClimateTech;Consumer - Retail;Consumer - Tech;Cybersecurity;DeepTech;Education;Enterprise SaaS;FinTech;Food / Alternative Protein;Future of Work / Productivity;Gaming;Hardware / HardTech;Healthcare - Digital Health;Healthcare - Medical Devices;Healthcare - Pharma & Drug Development;Human Resources;Impact;InsurTech;IoT;LegalTech;Marketplace;Materials Science;Media;Mobility;PropTech / Real Estate;RegTech;Robotics;Social Networks / Apps;SpaceTech;SportsTech;Supply Chain / Logistics;Sustainability;TravelTech;Water,USA;Canada;Europe;Africa,Pre-seed and earlier;Seed;Series A;Series B;Series C+,Yes,grace.dubois@outlook.com,+1 213-620-9349,Writes first cheques into pre-seed and seed. Reach me on grace.dubois@outlook.com or +1 213-620-9349 — I don't check LinkedIn.,clean,exact_key,2021-11-19 03:09:29
710528eb-3fde-4844-96e5-6492787b0208,rec5428676864,1124,Adam Byrne,Granite Advisors,Venture Capital Analyst,Venture Capital;Corporate VC,,,USA;Canada;Europe,Seed;Series A,Yes,adam.byrne@gmail.com,+1 768-980-4382,Writes first cheques into pre-seed and seed. Reach me on adam.byrne@gmail.com or +1 768-980-4382 — I don't check LinkedIn.,clean,exact_key,2022-05-10 18:33:12
fd6126b6-a956-4831-b57f-10791ed4586e,rec3275869324,1031,Rhea Tran,Harbour Labs,,,,,USA,Pre-seed and earlier;Seed;Series A;Series B,,,,See my website. I don't share a check size publicly.,clean,exact_key,2020-05-01 17:46:48
00d6cc24-240f-41b3-8727-beb675bad8ca,rec5018225861,1003,Johan Silva,Fathom Collective,Managing Partner,,,,USA;Latin America/Caribbean,Pre-seed and earlier;Seed,Yes,johan.silva@outlook.com.,,Climate + industrial. Co-invest with Fathom Collective. My assistant is johan.silva@outlook.com.,clean,exact_key,2021-10-18 15:36:02
aeb6bc09-0b01-46a8-8a5f-ba34a1598064,rec7712210597,1166,Marco Reid,Harbour Capital,CEO,Entrepreneur,,Consumer - Retail;Enterprise SaaS;Mobility,Europe;East Asia,Not investing right now.,Yes,marco.reid@outlook.com,,Focus is B2B infrastructure. Ex-operator. Happy to see anything with real revenue. Contact: marco.reid@outlook.com,clean,exact_key,2022-06-09 14:46:08
0caa0039-dfb0-40b0-b849-daa7724e0e3e,rec4892430462,1069,Vikram Lindqvist,Quarry Partners,"Co-Founder/CEO, Angel Investor",,,,USA;Canada;Europe;East Asia,Pre-seed and earlier;Seed;Series A;Series B,Yes,,+1 969-775-6696,"I invest personally, not through the fund. Typical cheque 25-50k. +1 969-775-6696 is fastest.",clean,exact_key,2022-03-01 04:08:02
66f5e608-46f2-4f57-a344-3ecb5285e4a4,rec5981868186,1179,Noah Halvorsen,Harbour Holdings,Principal,,,,USA;Canada,Seed;Series A,Yes,noah.halvorsen@gmail.com,+1 385-409-5415,Writes first cheques into pre-seed and seed. Reach me on noah.halvorsen@gmail.com or +1 385-409-5415 — I don't check LinkedIn.,clean,exact_key,2022-01-26 02:12:56
d376c901-fd2d-4519-b762-0229e5fd295b,rec6372588586,1130,Julia Khanna,Vector Labs,Managing Partner,Angel Investor;Venture Capital,,AdTech;Agriculture;Alternative Energy;Artificial Intelligence;AR  / VR;Blockchain / Digital Assets;Cannabis;ClimateTech;Consumer - Retail;Consumer - Tech;Cybersecurity;DeepTech;Education;Enterprise SaaS;FinTech;Food / Alternative Protein;Future of Work / Productivity;Gaming;Hardware / HardTech;Healthcare - Digital Health;Healthcare - Medical Devices;Healthcare - Pharma & Drug Development;Human Resources;Impact;InsurTech;IoT;LegalTech;Marketplace;Materials Science;Media;Mobility;PropTech / Real Estate;RegTech;Robotics;Social Networks / Apps;SpaceTech;SportsTech;Supply Chain / Logistics;Sustainability;TravelTech;Water,USA;Canada;East Asia,Seed;Series A;Series B;Series C+,Yes,,,Generalist. Sector agnostic. Interested in strong founders more than markets.,clean,exact_key,2026-06-29 19:53:06
a781e3ba-7db0-47ac-b091-3f3d431186b6,rec8921560412,1159,Ananya Kapoor,Granite Partners,co-founder/AI builder,Angel Investor;Entrepreneur;Operator,5k-15k,Artificial Intelligence;DeepTech;Enterprise SaaS;Marketplace;SpaceTech,USA,Pre-seed and earlier;Seed,Yes,,,,clean,exact_key,2023-07-13 21:30:06
f08318fa-269e-4b58-8676-6db252dc6293,rec8515034310,1172,Rohan Okafor,Lantern Advisors,Senior Associate,,,,USA;Canada;Europe;Middle East,Pre-seed and earlier;Seed,Yes,,,"Fintech, payments, emerging markets. I lead sometimes. Warm intros only.",clean,exact_key,2021-01-13 14:48:42
11fff77b-f90f-4306-a60a-de0fd7126cd7,rec5781693249,1098,Yusuf Hughes,Kestrel Holdings,Principal,Venture Capital,,Blockchain / Digital Assets;ClimateTech;DeepTech;Education;Enterprise SaaS;Healthcare - Digital Health;InsurTech;LegalTech;Robotics;SpaceTech;Sustainability,USA;Canada,Seed;Series A,Yes,yusuf.hughes@gmail.com,+1 533-907-7036,Writes first cheques into pre-seed and seed. Reach me on yusuf.hughes@gmail.com or +1 533-907-7036 — I don't check LinkedIn.,clean,exact_key,2022-09-09 12:26:50
e3190b64-6eb4-4d75-bcc7-682216e81ac3,rec6413653458,1143,Lukas Bose,Saltmarsh Ventures,Managing Partner / CEO,Other,,AdTech;Agriculture;Alternative Energy;Artificial Intelligence;AR  / VR;Blockchain / Digital Assets;Cannabis;ClimateTech;Consumer - Retail;Consumer - Tech;Cybersecurity;DeepTech;Education;Enterprise SaaS;FinTech;Food / Alternative Protein;Future of Work / Productivity;Gaming;Hardware / HardTech;Healthcare - Digital Health;Healthcare - Medical Devices;Healthcare - Pharma & Drug Development;Human Resources;Impact;InsurTech;IoT;LegalTech;Marketplace;Materials Science;Media;Mobility;PropTech / Real Estate;RegTech;Robotics;Social Networks / Apps;SpaceTech;SportsTech;Supply Chain / Logistics;Sustainability;TravelTech;Water,USA;Canada;Europe;Africa,Pre-seed and earlier;Seed;Series A;Series B;Series C+,Yes,lukas.bose@proton.me.,,Climate + industrial. Co-invest with Halfmoon Ventures. My assistant is lukas.bose@proton.me.,clean,exact_key,2021-11-19 03:09:29
84ea11c2-ed42-4730-83ea-3b51b2e8d08d,rec6074716658,1219,Felix Byrne,Granite Group,,,,,,,,felix.byrne@gmail.com.,,Climate + industrial. Co-invest with Quarry Partners. My assistant is felix.byrne@gmail.com.,clean,exact_key,2020-02-12 03:52:11
29475ff4-a04f-4ed4-888f-c57ac381f752,rec4806943843,1118,Arjun Watanabe,Ironwood Labs,Partner,,,,USA,Pre-seed and earlier;Seed,Yes,,,"Fintech, payments, emerging markets. I lead sometimes. Warm intros only.",clean,exact_key,2020-11-24 01:34:38
7257467a-c366-4f92-b990-93af5d53f172,rec7300051127,1032,Ethan Nguyen,Fathom Fund,Principal,,,Artificial Intelligence;AR  / VR;ClimateTech;DeepTech;IoT;Mobility;Robotics;SpaceTech,USA;Canada,Pre-seed and earlier;Seed;Series A,Yes,,,,clean,exact_key,2021-11-11 15:44:50
f2ee3ea4-d5a0-4609-b71f-137778bcaa23,rec4932996118,1184,Priya Costa,Quarry Advisors,Senior Associate,Venture Capital;Private Equity,,,USA;Africa,Series A;Series B;Series C+,Yes,,,Generalist. Sector agnostic. Interested in strong founders more than markets.,clean,exact_key,2022-09-08 07:15:08
00a148a3-cdd1-4ba9-8a79-f5016a673c21,rec4969653506,1175,Grace Hughes,Kestrel Holdings,,,,Education;Impact;SpaceTech;Future of Work / Productivity;Sustainability;Artificial Intelligence;Consumer - Tech;AR  / VR;AdTech;Healthcare - Digital Health;Healthcare - Pharma & Drug Development;Alternative Energy;RegTech;Blockchain / Digital Assets;Cybersecurity;Food / Alternative Protein;Robotics;Cannabis;Enterprise SaaS;IoT;Agriculture;Human Resources;DeepTech;Gaming;Water;Healthcare - Medical Devices;SportsTech,USA;Europe,Pre-seed and earlier;Seed;Series A,,grace.hughes@proton.me,+1 819-580-5075,Writes first cheques into pre-seed and seed. Reach me on grace.hughes@proton.me or +1 819-580-5075 — I don't check LinkedIn.,clean,exact_key,2020-05-02 05:12:22
efbfc5c1-858a-4db2-b2ce-04670cd7f0d1,rec2674846394,1090,Kabir Braun,Granite Advisors,Vice President,,,Agriculture;Artificial Intelligence;Food / Alternative Protein;Healthcare - Digital Health;Healthcare - Medical Devices;Healthcare - Pharma & Drug Development,USA,Seed;Series A;Series B,Yes,kabir.braun@gmail.com.,,Deep tech and hardware only. Please no marketplaces. Best contact is kabir.braun@gmail.com.,clean,exact_key,2021-11-12 16:46:47
d6651559-3bea-413c-9f69-6a8061263c28,rec5767100215,1060,Ishaan Rossi,Northgate Holdings,,,,Consumer - Retail;Artificial Intelligence;Cybersecurity;ClimateTech;Alternative Energy;Education;Hardware / HardTech;Human Resources;Supply Chain / Logistics;IoT;Sustainability;Materials Science;AdTech;LegalTech;Gaming;Food / Alternative Protein;Blockchain / Digital Assets;DeepTech;SportsTech;Consumer - Tech;FinTech;Healthcare - Pharma & Drug Development;RegTech;SpaceTech;Enterprise SaaS;AR  / VR;Healthcare - Digital Health,,,,,,,clean,exact_key,2020-02-10 18:57:15
a91aa2ac-b851-4a66-94e3-a06cf6d737b0,rec5942154924,1194,Arjun Moreau,Granite Fund,Managing Director,Venture Capital,,Blockchain / Digital Assets;FinTech,Latin America/Caribbean;South America,Seed,Yes,,,"Fintech, payments, emerging markets. I lead sometimes. Warm intros only.",clean,exact_key,2022-08-22 18:58:27
9e7f0473-3d6c-4f01-83e8-95d02102c362,rec9182895519,1223,Ishaan Karim,Cinder Advisors,Managing Partner/Founder,,,Artificial Intelligence;Blockchain / Digital Assets;Cybersecurity;Enterprise SaaS;FinTech;Future of Work / Productivity;Healthcare - Digital Health;InsurTech;Media;PropTech / Real Estate,Canada,Seed,Yes,,+1 889-740-3319,"I invest personally, not through the fund. Typical cheque 25-50k. +1 889-740-3319 is fastest.",clean,exact_key,2021-07-22 20:38:50
53e804ce-136d-41d6-8037-f00bc2b98360,rec9906954930,1160,Maya Park,Quarry Advisors,Managing Partner,,,AdTech;Agriculture;Artificial Intelligence;AR  / VR;Blockchain / Digital Assets;DeepTech;Enterprise SaaS;FinTech;Food / Alternative Protein;Gaming;InsurTech;IoT;LegalTech;Marketplace;Materials Science;PropTech / Real Estate;Robotics;SpaceTech;TravelTech,USA;Canada,Pre-seed and earlier;Seed,Yes,,,,clean,exact_key,2021-08-30 18:21:49
a808b474-f485-4a5f-abf7-b8228b916342,rec4033990956,1227,Ananya Halvorsen,Ember Group,Associate,,,AdTech,Europe;Middle East,Seed;Series A,,,,"Fintech, payments, emerging markets. I lead sometimes. Warm intros only.",clean,exact_key,2020-08-19 06:26:08
f4bd9f2a-4608-4157-8e49-aa14c18b1034,rec3404450567,1115,Divya Shaw,Granite Capital,Principal,Angel Investor;Family Office;Venture Capital;Growth Equity;Private Equity;Operator;Other,$50k-$3mn,,USA;Canada;Europe,Pre-seed and earlier;Seed;Series A;Series B;Series C+,Yes,divya.shaw@outlook.com.,,Deep tech and hardware only. Please no marketplaces. Best contact is divya.shaw@outlook.com.,clean,exact_key,2023-03-10 17:04:28
1004c652-1069-4050-a0f2-4deea92f9d60,rec6332984791,1016,Pieter Aziz,Ironwood Labs,"Founder, CEO",Entrepreneur,,Cannabis;ClimateTech;DeepTech;Materials Science;Sustainability,USA;Canada;Latin America/Caribbean;South America;Europe;Africa;Middle East;East Asia;India;Southeast Asia;Australia/Oceania,Pre-seed and earlier,Yes,pieter.aziz@proton.me.,,Climate + industrial. Co-invest with Lantern Fund. My assistant is pieter.aziz@proton.me.,clean,exact_key,2023-07-24 21:31:28
698525be-0ed2-4e3a-b032-658d83661f26,rec3122500367,1101,Nina Baker,Saltmarsh Collective,CEO / Investment Director / Legal Counsel,,,,USA;Europe,Pre-seed and earlier;Seed;Series A;Series B,Yes,,+1 625-888-9677,"I invest personally, not through the fund. Typical cheque 25-50k. +1 625-888-9677 is fastest.",clean,exact_key,2021-02-08 11:50:17
0a8e504a-1242-4547-be00-f3123163fb24,rec8149366283,1176,Neha Khanna,Kestrel Ventures,CEO,Entrepreneur,,Artificial Intelligence;Blockchain / Digital Assets;Cybersecurity;Enterprise SaaS,USA,Not investing right now.,Yes,,+1 961-861-1062,"I invest personally, not through the fund. Typical cheque 25-50k. +1 961-861-1062 is fastest.",clean,exact_key,2022-06-14 13:57:02
79f2318b-5fc8-42ba-a2b2-114de2521388,rec7683359002,1117,Nikhil Karim,Harbour Holdings,Principal,,,,USA;Canada;Latin America/Caribbean;Europe;Middle East;East Asia;Southeast Asia,Pre-seed and earlier;Seed;Series A;Series B,Yes,nikhil.karim@proton.me,,Focus is B2B infrastructure. Ex-operator. Happy to see anything with real revenue. Contact: nikhil.karim@proton.me,clean,exact_key,2022-01-22 02:08:31
078c2e4c-48e4-4ace-a743-05dac457989a,rec5004855358,1145,Sameer Haddad,Alder Fund,"Director, Technology Partnerships",,,Healthcare - Pharma & Drug Development,USA,Not investing right now.,Yes,sameer.haddad@proton.me,+1 665-639-2512,Writes first cheques into pre-seed and seed. Reach me on sameer.haddad@proton.me or +1 665-639-2512 — I don't check LinkedIn.,clean,exact_key,2023-09-27 14:20:28
891fdb0e-ce33-44b0-bbab-55114222e3f4,rec8853449802,1133,Anna Kovac,Copperline Ventures,CEO,,,Blockchain / Digital Assets;DeepTech;Hardware / HardTech;SpaceTech,USA;Canada;Latin America/Caribbean;South America;Europe,Pre-seed and earlier;Seed,Yes,,,Generalist. Sector agnostic. Interested in strong founders more than markets.,clean,exact_key,2022-03-16 22:41:03
d1c104ed-3c60-44d5-a525-fefededeb47b,rec7862636229,1009,Grace Okafor,,Partner,,,Agriculture;Alternative Energy;Artificial Intelligence;AR  / VR;Blockchain / Digital Assets;ClimateTech;Cybersecurity;DeepTech;Enterprise SaaS;FinTech;Future of Work / Productivity;Hardware / HardTech;Healthcare - Digital Health;Healthcare - Medical Devices;Healthcare - Pharma & Drug Development;Impact;IoT;LegalTech;Materials Science;Mobility;PropTech / Real Estate;RegTech;Robotics;Social Networks / Apps;SpaceTech;Supply Chain / Logistics;Sustainability;TravelTech;Water,USA;Canada;Latin America/Caribbean;South America;Europe;Africa;Middle East;East Asia;India;Southeast Asia;Australia/Oceania,Pre-seed and earlier;Seed;Series A,Yes,grace.okafor@outlook.com,+1 240-978-6043,Writes first cheques into pre-seed and seed. Reach me on grace.okafor@outlook.com or +1 240-978-6043 — I don't check LinkedIn.,clean,exact_key,2021-11-23 00:44:22
81b84340-112f-4f20-b775-203e8ee902aa,rec5311283411,1120,Sameer Chen,Alder Fund,"Cofounder, Chief Growth Officer",Entrepreneur;Operator;Other,,AdTech;Agriculture;Alternative Energy;Artificial Intelligence;AR  / VR;Blockchain / Digital Assets;Cannabis;ClimateTech;Consumer - Retail;Consumer - Tech;Cybersecurity;DeepTech;Education;Enterprise SaaS;FinTech;Food / Alternative Protein;Future of Work / Productivity;Gaming;Hardware / HardTech;Healthcare - Digital Health;Healthcare - Medical Devices;Healthcare - Pharma & Drug Development;Human Resources;Impact;InsurTech;IoT;LegalTech;Marketplace;Materials Science;Media;Mobility;PropTech / Real Estate;RegTech;Robotics;Social Networks / Apps;SpaceTech;SportsTech;Supply Chain / Logistics;Sustainability;TravelTech;Water,Europe;East Asia;Southeast Asia;Australia/Oceania,Pre-seed and earlier;Not investing right now.,Yes,sameer.chen@outlook.com.,,Deep tech and hardware only. Please no marketplaces. Best contact is sameer.chen@outlook.com.,clean,exact_key,2023-07-19 08:28:50
829947c2-378a-4c22-a4eb-4c4b634b1c16,rec2014544730,1064,Ananya Kovac,Ember Group,,,,,USA;Canada,Pre-seed and earlier;Seed,,ananya.kovac@proton.me,,Focus is B2B infrastructure. Ex-operator. Happy to see anything with real revenue. Contact: ananya.kovac@proton.me,clean,exact_key,2020-07-01 19:33:23
a616a415-e6b1-490b-8f9a-f25e4a73f68a,rec8806150689,1153,Chloe Mehta,Halfmoon Collective,"CEO, Co-founder, Partner",Angel Investor;Venture Capital;Entrepreneur,Up to 50K,Artificial Intelligence;AR  / VR;DeepTech;Enterprise SaaS;SpaceTech;Supply Chain / Logistics;Sustainability,USA;Europe,Pre-seed and earlier;Seed,Yes,chloe.mehta@outlook.com.,,Deep tech and hardware only. Please no marketplaces. Best contact is chloe.mehta@outlook.com.,clean,exact_key,2023-03-11 23:30:02
b6f5b9ce-7c52-4747-a20d-e74825395c29,rec1180890658,1045,Chloe Okafor,Quarry Ventures,,,,,,,,,,Generalist. Sector agnostic. Interested in strong founders more than markets.,clean,exact_key,2020-02-10 23:04:44
1023ec54-cc9b-4f9c-a9d0-4974a1eb543d,rec7861303118,1072,Johan Byrne,Saltmarsh Collective,Senior Associate,,,Agriculture;Artificial Intelligence;ClimateTech;DeepTech;Food / Alternative Protein;Healthcare - Pharma & Drug Development;Materials Science;Robotics,USA;Canada;Latin America/Caribbean;South America;Europe,Pre-seed and earlier;Seed;Series A;Series B,Yes,johan.byrne@gmail.com.,,Climate + industrial. Co-invest with Halfmoon Group. My assistant is johan.byrne@gmail.com.,clean,exact_key,2022-02-10 20:20:04
e0d06536-7ebf-4c8e-a117-4e0538477b65,rec1070219129,1068,Nina Verma,Cinder Capital,,,,,India,Pre-seed and earlier;Seed;Series A,,,,"Fintech, payments, emerging markets. I lead sometimes. Warm intros only.",clean,exact_key,2020-07-31 20:50:42
9b7b08a4-60d7-4d8a-bb86-3482f844fbe4,rec5859641941,1002,Julia Silva,Granite Partners,investor,Venture Capital;Growth Equity,,AdTech;Artificial Intelligence;AR  / VR;ClimateTech;Consumer - Tech;Enterprise SaaS;Healthcare - Digital Health;InsurTech;LegalTech;Marketplace;Mobility;PropTech / Real Estate;RegTech;SportsTech;Supply Chain / Logistics,USA;Canada;Latin America/Caribbean;South America;Europe;Australia/Oceania,Series A;Series B;Series C+,Yes,,,See my website. I don't share a check size publicly.,clean,exact_key,2023-03-10 16:46:28
04d552d1-41f8-4080-8c11-3681bccef5ae,rec1405429550,1067,Owen Kapoor,Vector Holdings,Principal,Venture Capital,,AdTech;Agriculture;Artificial Intelligence;Blockchain / Digital Assets;ClimateTech;Consumer - Tech;Cybersecurity;DeepTech;Education;Enterprise SaaS;FinTech;Food / Alternative Protein;Future of Work / Productivity;Human Resources;InsurTech;IoT;LegalTech;Marketplace;Media;Mobility;PropTech / Real Estate;Robotics;Social Networks / Apps;Supply Chain / Logistics;TravelTech,USA;Canada;Latin America/Caribbean;South America;Europe;Africa;Middle East;East Asia;India;Southeast Asia;Australia/Oceania,Seed;Series A,Yes,owen.kapoor@proton.me.,,Climate + industrial. Co-invest with Quarry Advisors. My assistant is owen.kapoor@proton.me.,clean,exact_key,2023-08-16 20:51:25
719948c3-7901-4568-a0ba-480fa286e917,rec5788084141,1080,Pieter Silva,Granite Fund,COO,,,Agriculture;FinTech;InsurTech,Latin America/Caribbean,Pre-seed and earlier;Seed;Series A,Yes,pieter.silva@outlook.com,,Focus is B2B infrastructure. Ex-operator. Happy to see anything with real revenue. Contact: pieter.silva@outlook.com,clean,exact_key,2021-07-22 22:22:31
be86b5a6-999d-4ad4-b0a4-67104743513b,rec1386978178,1152,Maya Iyer,Quarry Fund,Principal,,,Enterprise SaaS;Consumer - Retail;Alternative Energy;Agriculture;Mobility;AdTech;Healthcare - Digital Health;AR  / VR;Water;Human Resources;Healthcare - Pharma & Drug Development;Artificial Intelligence;InsurTech;Marketplace;DeepTech;ClimateTech;Healthcare - Medical Devices;TravelTech;Sustainability;RegTech;Media;Education;Food / Alternative Protein;Supply Chain / Logistics;Hardware / HardTech;Social Networks / Apps;FinTech,USA;India,Pre-seed and earlier;Seed;Series A,Yes,,,Generalist. Sector agnostic. Interested in strong founders more than markets.,clean,exact_key,2021-07-30 07:17:48
e53e44da-a559-4e8c-b5eb-b19b191d57da,rec1617951071,1114,Johan Chen,Saltmarsh Capital,Managing Partner,Angel Investor;Venture Capital,,,USA;Canada;Latin America/Caribbean;South America;Europe;Africa;Middle East;East Asia;India;Southeast Asia;Australia/Oceania,Pre-seed and earlier;Seed,Yes,johan.chen@proton.me,+1 363-850-7967,Writes first cheques into pre-seed and seed. Reach me on johan.chen@proton.me or +1 363-850-7967 — I don't check LinkedIn.,clean,exact_key,2026-03-03 19:00:52
82c2d3d3-41c5-4cb8-a54e-035bf03b466b,rec9566805583,1202,Maya Moreau,Copperline Partners,CEO,Entrepreneur;Operator,,AdTech;Artificial Intelligence;Consumer - Retail;Consumer - Tech;Enterprise SaaS,USA,Pre-seed and earlier;Seed;Series A,Yes,,,,clean,exact_key,2022-06-02 17:11:54
f1a30ddd-55f0-4bc1-96fb-f7bb308e438e,rec1712430525,1212,Rohan Hughes,Ember Partners,Senior Associate,Family Office;Venture Capital;Corporate VC,,Blockchain / Digital Assets;Consumer - Tech;Enterprise SaaS;Future of Work / Productivity;IoT;Marketplace;PropTech / Real Estate;Robotics;Sustainability,USA;Canada;Europe;India;Southeast Asia;Australia/Oceania,Seed;Series A;Series B,Yes,,,"Fintech, payments, emerging markets. I lead sometimes. Warm intros only.",clean,exact_key,2022-09-07 19:04:38
7a337bc7-1255-431a-9762-89a36bab1edd,rec3337113627,1096,Sofia Iyer,Granite Ventures,Principal Investor,Venture Capital;Entrepreneur,,Artificial Intelligence;Healthcare - Digital Health;Healthcare - Medical Devices;Healthcare - Pharma & Drug Development,USA,Pre-seed and earlier;Seed;Series A,Yes,,,Currently not deploying. Circle back next year.,clean,exact_key,2025-05-01 02:59:14
ddd1d086-3a56-4767-b087-46fc58b3c0a5,rec6234502970,1178,Noah Dubois,Quarry Partners,Investor,Venture Capital,,Artificial Intelligence;ClimateTech;Education;FinTech;Healthcare - Digital Health;Impact;Marketplace;Sustainability,USA,Pre-seed and earlier;Seed;Series A,Yes,,,Generalist. Sector agnostic. Interested in strong founders more than markets.,clean,exact_key,2023-04-24 19:30:37
a8a8e1e3-838b-4f74-a69b-6aec7b592978,rec2952213843,1137,Elena Watanabe,Granite Advisors,,,,,,,,,,Currently not deploying. Circle back next year.,clean,exact_key,2020-02-25 01:37:21
a086fe6b-32d9-414a-9854-792957ae2af1,rec4896850322,1061,Priya Novak,Granite Labs,Partner,Entrepreneur;Operator,,,USA;Canada;Latin America/Caribbean;South America;India,Not investing right now.,Yes,,,"Fintech, payments, emerging markets. I lead sometimes. Warm intros only.",clean,exact_key,2023-07-31 22:02:10
1ceff355-9b15-4561-81d4-c065145bc352,rec3354091884,1055,Rohan Sharma,Riverstone Partners,Managing Partner,Venture Capital;Other,,Alternative Energy;Artificial Intelligence;AR  / VR;Blockchain / Digital Assets;ClimateTech;Cybersecurity;DeepTech;Education;FinTech;Hardware / HardTech;Healthcare - Digital Health;Healthcare - Medical Devices;Human Resources;Impact;InsurTech;Materials Science;Mobility;PropTech / Real Estate;Supply Chain / Logistics;Sustainability;Water,USA;Canada;Latin America/Caribbean;South America;Europe;Africa;Middle East;East Asia;India;Southeast Asia;Australia/Oceania,Pre-seed and earlier;Seed;Not investing right now.,Yes,,,Currently not deploying. Circle back next year.,clean,exact_key,2023-02-23 02:26:41
5cba1fd5-3479-434b-8e12-2eaf89780b2e,rec1628058736,1119,Dev Haddad,Saltmarsh Collective,N/A,,,,USA,Pre-seed and earlier;Seed,,,+1 636-735-2860,"I invest personally, not through the fund. Typical cheque 25-50k. +1 636-735-2860 is fastest.",clean,exact_key,2020-11-02 20:44:52
8c524b23-5ae6-4c12-bbf8-fd06ea57da8e,rec3011549470,1129,Lukas Iyer,Granite Partners,Co-Founder/CEO,Entrepreneur;Operator,,SportsTech;Consumer - Retail;Water;LegalTech;TravelTech;Gaming;Cybersecurity;Sustainability;Education;InsurTech;Healthcare - Digital Health;Healthcare - Pharma & Drug Development;Consumer - Tech;ClimateTech;Healthcare - Medical Devices;Blockchain / Digital Assets;AdTech;Food / Alternative Protein;Hardware / HardTech;AR  / VR;Robotics;Supply Chain / Logistics;Enterprise SaaS;Mobility;RegTech;Future of Work / Productivity;FinTech,USA;Canada,Pre-seed and earlier;Seed;Not investing right now.,Yes,,,Generalist. Sector agnostic. Interested in strong founders more than markets.,clean,exact_key,2023-08-29 17:07:03
a98dbb21-9261-4124-a839-61772b84c70b,rec7803513507,1141,Omar Silva,Fathom Collective,Venture Partner,Venture Capital;Entrepreneur;Operator,,,USA;Canada;South America;Europe,Pre-seed and earlier;Seed,Yes,omar.silva@proton.me.,,Climate + industrial. Co-invest with Northgate Fund. My assistant is omar.silva@proton.me.,clean,exact_key,2026-03-30 17:49:20
9a8ad6b9-0d0f-40be-aa26-f977f3798009,rec1585298691,1054,Meera Hughes,Kestrel Collective,General Partner,Angel Investor;Venture Capital;Operator,100-500K,AdTech;Alternative Energy;Artificial Intelligence;ClimateTech;Cybersecurity;DeepTech;Enterprise SaaS;FinTech;Future of Work / Productivity;Hardware / HardTech;Healthcare - Digital Health;InsurTech;IoT;LegalTech;Marketplace;Robotics;SpaceTech;SportsTech;Supply Chain / Logistics;Sustainability,USA;Canada;Latin America/Caribbean;South America;Europe;Southeast Asia,Pre-seed and earlier;Seed;Series A,Yes,,,,clean,exact_key,2023-10-26 16:53:02
6639ea32-2e22-43b6-8601-80e2f671dafe,rec4064120654,1217,Anna Byrne,Vector Ventures,Partner,,,AdTech,USA,Seed;Series A,,anna.byrne@outlook.com.,,Deep tech and hardware only. Please no marketplaces. Best contact is anna.byrne@outlook.com.,clean,exact_key,2020-08-05 17:18:36
53b2becb-0c13-4ee8-b481-cc3358a8dee7,rec9773647554,1005,Kabir Moreau,Halfmoon Group,Investor,Angel Investor;Venture Capital;Corporate VC,$80K - $1M,,USA;Canada;Europe;Middle East,Seed;Series A,Yes,,,"Fintech, payments, emerging markets. I lead sometimes. Warm intros only.",clean,exact_key,2026-03-03 15:09:43
ee10ffcf-4998-4969-a1f8-3cb46b5a4eb9,rec2319255761,1029,Tara Aziz,,Founder / Investments,Angel Investor;Entrepreneur;Operator,$25k to $50k,AdTech;Alternative Energy;Artificial Intelligence;Cannabis;FinTech;Food / Alternative Protein;Future of Work / Productivity;Impact;Water,USA;Canada,Pre-seed and earlier;Seed;Series A,Yes,,,,clean,exact_key,2023-03-10 20:02:22
46b10d2f-9036-4a13-976e-8a11312c519c,rec8970052201,1083,Adam Shaw,Granite Labs,Founder / Investments,Angel Investor;Entrepreneur;Operator,$25k to $50k,AdTech;Alternative Energy;Artificial Intelligence;Cannabis;FinTech;Food / Alternative Protein;Future of Work / Productivity;Impact;Water,USA;Canada,Pre-seed and earlier;Seed;Series A,Yes,,+1 447-591-9300,"I invest personally, not through the fund. Typical cheque 25-50k. +1 447-591-9300 is fastest.",clean,exact_key,2023-03-10 20:02:22
05d90fce-1af5-4073-86d2-bcfeedc30faf,rec2826189950,1226,Anna Shaw,Fathom Collective,Investment Director,Venture Capital;Corporate VC;Entrepreneur;Other,,,USA,Seed;Series A;Series B,Yes,anna.shaw@proton.me,,Focus is B2B infrastructure. Ex-operator. Happy to see anything with real revenue. Contact: anna.shaw@proton.me,clean,exact_key,2022-08-18 20:24:17
f7abe6d6-43b7-4031-bbfc-23ea2cedf6fa,rec2046719170,1110,Noah Hughes,Vector Ventures,"Founder, General Partner",Angel Investor;Family Office;Venture Capital;Growth Equity,,Agriculture;Alternative Energy;ClimateTech;Education;Food / Alternative Protein;Future of Work / Productivity;Healthcare - Digital Health;Sustainability;Water,USA,Series A;Series B;Series C+,Yes,,,"Fintech, payments, emerging markets. I lead sometimes. Warm intros only.",clean,exact_key,2022-08-26 17:32:37
19c91f4f-47f1-4f97-ad33-915dac707647,rec4245626691,1015,Nikhil Watanabe,Granite Partners,EU-Partner,Angel Investor;Accelerator;Venture Capital;Entrepreneur,,,USA;Europe;Africa;Middle East,Pre-seed and earlier;Seed,Yes,nikhil.watanabe@gmail.com,,Focus is B2B infrastructure. Ex-operator. Happy to see anything with real revenue. Contact: nikhil.watanabe@gmail.com,clean,exact_key,2023-03-13 16:38:27
39a3ab7c-2328-4fc1-b0df-e81cbaedc180,rec2303926814,1075,Noah Silva,Halfmoon Capital,General Partner,,,,India;Southeast Asia,Seed;Series A,Yes,,,Currently not deploying. Circle back next year.,clean,exact_key,2021-04-14 05:29:12
5bc1a571-856a-477f-b43f-e9b85a0d609e,rec4917850205,1059,Nikhil Kapoor,Fathom Ventures,Managing Partner,Venture Capital;Other,,,USA;Canada;Latin America/Caribbean;South America;Europe;Africa;Middle East;East Asia;India;Southeast Asia;Australia/Oceania,Pre-seed and earlier;Seed;Not investing right now.,Yes,nikhil.kapoor@proton.me.,,Climate + industrial. Co-invest with Saltmarsh Collective. My assistant is nikhil.kapoor@proton.me.,clean,exact_key,2023-02-23 02:26:41
f9c98e25-d4bf-4976-8ff1-3eccb532ae4a,rec8620004262,1041,Dev Mehta,Quarry Labs,Former VC Associate,,,Artificial Intelligence;AR  / VR;Enterprise SaaS;Future of Work / Productivity;Healthcare - Digital Health;Impact;SportsTech;TravelTech,USA,Pre-seed and earlier;Seed;Series A,Yes,,,,clean,exact_key,2022-01-26 19:37:53
280d10b8-0946-4cda-872e-1e7a161060bb,rec6952590552,1165,Adam Fletcher,Harbour Capital,,,,,,,,,,Currently not deploying. Circle back next year.,clean,exact_key,2020-02-25 01:37:21
b8819dd5-c664-4f48-8228-cf7f48ec4d9a,rec3921528900,1047,test test,Testing,,Venture Capital,,,USA;Europe,Pre-seed and earlier;Seed;Series A,Yes,,,Currently not deploying. Circle back next year.,clean,exact_key,2023-07-28 18:29:29
4d074507-56c9-4409-879b-2a8a6484886e,rec6688044740,1052,Kiran Hughes,Halfmoon Collective,CEO,Entrepreneur,,FinTech,USA,Not investing right now.,Yes,,,Generalist. Sector agnostic. Interested in strong founders more than markets.,clean,exact_key,2022-05-06 20:51:23
0fb8fa5c-aea8-4dbb-ae96-f7fa75211c15,rec3267519093,1224,Arjun Park,Kestrel Collective,CEO/Co-Founder,Entrepreneur,,Education;Enterprise SaaS;Future of Work / Productivity;Social Networks / Apps,USA,Not investing right now.,Yes,,,Generalist. Sector agnostic. Interested in strong founders more than markets.,clean,exact_key,2022-06-13 21:52:32
e4c7cbb0-34b1-4aa7-9738-5abbca32c9d5,rec6210502519,1208,Yusuf Doyle,Saltmarsh Capital,VC,,,AdTech;Agriculture;Alternative Energy;Artificial Intelligence;AR  / VR;Blockchain / Digital Assets;ClimateTech;Consumer - Retail;Consumer - Tech;Cybersecurity;DeepTech;Education;Enterprise SaaS;FinTech;Food / Alternative Protein;Future of Work / Productivity;Gaming;Hardware / HardTech;Healthcare - Digital Health;Healthcare - Medical Devices;Healthcare - Pharma & Drug Development;Human Resources;Impact;InsurTech;IoT;LegalTech;Marketplace;Media;Mobility;PropTech / Real Estate;RegTech;Robotics;Social Networks / Apps;SpaceTech;SportsTech;Supply Chain / Logistics;Sustainability;TravelTech;Water,USA;Canada;Latin America/Caribbean;India,Pre-seed and earlier;Seed;Series A,Yes,yusuf.doyle@outlook.com,+1 501-963-2185,Writes first cheques into pre-seed and seed. Reach me on yusuf.doyle@outlook.com or +1 501-963-2185 — I don't check LinkedIn.,clean,exact_key,2021-08-17 18:05:51
d780def0-3978-44f7-b1e7-49d83d83753a,rec3623768346,1207,Neha Baker,Quarry Advisors,CEO,Operator,,AdTech;Agriculture;Alternative Energy;Artificial Intelligence;AR  / VR;Blockchain / Digital Assets;Cannabis;ClimateTech;Consumer - Retail;Consumer - Tech;Cybersecurity;DeepTech;Education;Enterprise SaaS;FinTech;Food / Alternative Protein;Future of Work / Productivity;Gaming;Hardware / HardTech;Healthcare - Digital Health;Healthcare - Medical Devices;Healthcare - Pharma & Drug Development;Human Resources;Impact;InsurTech;IoT;LegalTech;Marketplace;Materials Science;Media;Mobility;PropTech / Real Estate;RegTech;Robotics;Social Networks / Apps;SpaceTech;SportsTech;Supply Chain / Logistics;Sustainability;TravelTech;Water,USA;Canada,Pre-seed and earlier,Yes,,,,clean,exact_key,2022-05-06 19:13:13
d45aa734-aca3-43c6-ae7d-26a20424d2f5,rec8422477078,1183,Divya Costa,Copperline Ventures,Director of International Development,Angel Investor,"Average size $400,000.00",Agriculture;Consumer - Retail;Consumer - Tech;Education;Enterprise SaaS;Gaming;Hardware / HardTech;Healthcare - Medical Devices;Human Resources;Marketplace;Media;Mobility;Social Networks / Apps;Supply Chain / Logistics;TravelTech,USA;Canada,Pre-seed and earlier;Seed;Series A,Yes,,,See my website. I don't share a check size publicly.,clean,exact_key,2022-09-01 09:15:11
d701de83-a9bd-4e23-a304-5051332520cc,rec6438149343,1046,Nina Dubois,,Investor,,,Consumer - Tech;Sustainability;Education;Gaming;FinTech;Future of Work / Productivity;SportsTech;Food / Alternative Protein;AdTech;IoT;RegTech;ClimateTech;Supply Chain / Logistics;Robotics;Healthcare - Medical Devices;InsurTech;Materials Science;Alternative Energy;Healthcare - Digital Health;PropTech / Real Estate;Cybersecurity;Consumer - Retail;DeepTech;Artificial Intelligence;Mobility;LegalTech;TravelTech,USA,Pre-seed and earlier;Seed;Series A;Series B;Series C+,Yes,,,,clean,exact_key,2022-03-17 01:56:11
0bc65b0f-0205-498f-a9eb-f9774fd00076,rec2520844821,1088,Arjun Fletcher,Lantern Advisors,Investor,,,AdTech;Agriculture;Artificial Intelligence;AR  / VR;Blockchain / Digital Assets;Cybersecurity;DeepTech;Education;Enterprise SaaS;FinTech;Future of Work / Productivity;Gaming;Hardware / HardTech;Healthcare - Digital Health;Human Resources;InsurTech;IoT;Media;Mobility;PropTech / Real Estate;RegTech;Robotics;SpaceTech;SportsTech;Supply Chain / Logistics;TravelTech,USA;Canada;Europe;Middle East,Pre-seed and earlier;Seed,Yes,,,Generalist. Sector agnostic. Interested in strong founders more than markets.,clean,exact_key,2021-07-14 19:15:02
05008117-1180-4c39-93f4-70ba52f05a05,rec9044691967,1126,Ishaan Aziz,Ember Group,Principal,,,,USA;Canada;Latin America/Caribbean;South America;Europe;East Asia;Southeast Asia;Australia/Oceania,Pre-seed and earlier;Seed;Series A;Series B,Yes,,,See my website. I don't share a check size publicly.,clean,exact_key,2021-04-22 16:46:01
31367845-2bf4-4435-b98d-a89bb5233a6e,rec1253237131,1182,Tara Fletcher,Granite Advisors,Associate,Venture Capital,,Artificial Intelligence;ClimateTech;Impact;Sustainability,USA,Seed,Yes,,,Generalist. Sector agnostic. Interested in strong founders more than markets.,clean,exact_key,2022-05-20 22:07:44
ece5d0da-2003-4e5a-bd39-96984d786da0,rec3779907038,1065,Grace Sethi,Halfmoon Collective,founder,Angel Investor;Venture Capital,50~100k,Blockchain / Digital Assets;Cybersecurity;FinTech;Gaming,Southeast Asia,Pre-seed and earlier;Seed;Series A,Yes,grace.sethi@proton.me,+1 563-420-4918,Writes first cheques into pre-seed and seed. Reach me on grace.sethi@proton.me or +1 563-420-4918 — I don't check LinkedIn.,clean,exact_key,2023-05-04 08:35:55
3aa1d768-cd58-49f6-9db0-6bf854d0d35b,rec2396099592,1211,Grace Sethi,Kestrel Labs,CEO,Angel Investor;Entrepreneur;Operator,$100-$150K,FinTech;InsurTech;PropTech / Real Estate,USA;Canada;Latin America/Caribbean;South America;Europe;Middle East,Pre-seed and earlier;Seed;Series A;Series B,Yes,,,Currently not deploying. Circle back next year.,clean,exact_key,2023-02-22 01:33:59
15a6347f-72d1-4197-8543-e275073e0137,rec5711651877,1140,Divya Dubois,Quarry Partners,CIO,,,,USA;Canada,Pre-seed and earlier;Seed;Series A;Series B;Series C+,,,,See my website. I don't share a check size publicly.,clean,exact_key,2020-10-21 23:19:52
5d4f0e0e-e89b-43cf-b3d5-5836f1d7e700,rec1261077551,1146,Johan Halvorsen,Kestrel Ventures,Managing Director,,,,USA;Canada;Latin America/Caribbean;South America;Europe;Middle East;India;Southeast Asia;Australia/Oceania,Pre-seed and earlier;Seed;Series A,,,,Generalist. Sector agnostic. Interested in strong founders more than markets.,clean,exact_key,2020-07-12 20:29:54
46d539fd-8f36-49c8-9523-fd26c2fa8475,rec6494130849,1198,Pieter Costa,Ironwood Holdings,,,,,,,,pieter.costa@outlook.com,+1 747-669-1873,Writes first cheques into pre-seed and seed. Reach me on pieter.costa@outlook.com or +1 747-669-1873 — I don't check LinkedIn.,clean,exact_key,2020-02-10 19:09:49
fb7613ef-e7dc-41cc-a48a-287f87b94233,rec1039911577,1033,Meera Byrne,Saltmarsh Collective,CEO,Entrepreneur,,FinTech;InsurTech,USA,Not investing right now.,Yes,,,Generalist. Sector agnostic. Interested in strong founders more than markets.,clean,exact_key,2022-05-13 05:55:56
2b309c79-9cc0-43d1-b265-62ce6f16ab01,rec9771691720,1102,Leila Sharma,Granite Advisors,NA,,,,South America,Series A,Yes,leila.sharma@gmail.com.,,Deep tech and hardware only. Please no marketplaces. Best contact is leila.sharma@gmail.com.,clean,exact_key,2021-10-18 10:12:26
1c7e422a-faa4-4e28-9729-931706afef39,rec4058888841,1193,Adam Dubois,Quarry Ventures,Associate,Venture Capital;Other,,Agriculture;ClimateTech;Food / Alternative Protein;Robotics;Sustainability,USA;Canada,Pre-seed and earlier;Seed,Yes,,,See my website. I don't share a check size publicly.,clean,exact_key,2022-08-29 11:59:00
99ee43eb-11af-4dcf-8fd6-eb9ced6e158b,rec6105685073,1087,Adam Reid,Saltmarsh Collective,Founder,Angel Investor,Varies,AdTech;Artificial Intelligence;AR  / VR;Blockchain / Digital Assets;Enterprise SaaS;Media;Social Networks / Apps,USA,Pre-seed and earlier;Seed,Yes,,,Generalist. Sector agnostic. Interested in strong founders more than markets.,clean,exact_key,2022-04-07 18:25:05
52ca5de1-9758-4802-b34c-c23ff3cce7bc,rec6211170851,1148,Nina Doyle,Fathom Group,Principal,,,,USA;Canada;Latin America/Caribbean;Europe;Middle East;East Asia;Southeast Asia,Pre-seed and earlier;Seed;Series A;Series B,Yes,nina.doyle@proton.me,+1 832-881-4516,Writes first cheques into pre-seed and seed. Reach me on nina.doyle@proton.me or +1 832-881-4516 — I don't check LinkedIn.,clean,exact_key,2022-01-22 02:08:31
3838346e-c9ef-45a5-b296-e02626673adf,rec8501687487,1081,Owen Sharma,Fathom Partners,,,,,USA,Pre-seed and earlier;Seed;Series A,,,+1 633-407-6492,"I invest personally, not through the fund. Typical cheque 25-50k. +1 633-407-6492 is fastest.",clean,exact_key,2020-06-02 21:15:09
c68840d9-a0f5-428e-b929-66db6205a91a,rec8846411441,1174,Johan Rossi,Vector Labs,Partner,,,Alternative Energy;Blockchain / Digital Assets;Consumer - Retail;Consumer - Tech;Enterprise SaaS;FinTech;Healthcare - Medical Devices;InsurTech;Marketplace;Mobility;PropTech / Real Estate;Supply Chain / Logistics,USA;Canada,Seed;Series A,Yes,,,,clean,exact_key,2021-08-18 16:29:58
0e256d50-fbb1-451e-88c7-7ae1e6c74a52,rec5975041015,1093,Chloe Reid,Granite Capital,Partner,Angel Investor;Family Office;Venture Capital;Corporate VC;Entrepreneur;Operator,NA,Alternative Energy;Artificial Intelligence;Blockchain / Digital Assets;ClimateTech;Cybersecurity;DeepTech;Enterprise SaaS;FinTech;Future of Work / Productivity;Gaming;Healthcare - Digital Health;Healthcare - Medical Devices;Healthcare - Pharma & Drug Development;InsurTech;IoT;LegalTech;Marketplace;Supply Chain / Logistics;Sustainability,USA;Canada;Latin America/Caribbean;South America;Europe;Africa;Middle East;East Asia;India;Southeast Asia;Australia/Oceania,Pre-seed and earlier;Seed;Series A;Series B,Yes,chloe.reid@outlook.com,+1 885-912-5808,Writes first cheques into pre-seed and seed. Reach me on chloe.reid@outlook.com or +1 885-912-5808 — I don't check LinkedIn.,clean,exact_key,2023-08-16 15:01:34
7e2c6556-4f6c-4b94-bfbd-83f1f25144d6,rec4766926196,1073,Rohan Costa,Granite Partners,Mr.,,,,USA;Europe;India,Pre-seed and earlier;Seed,,,,Currently not deploying. Circle back next year.,clean,exact_key,2020-09-04 08:08:19
0424baa3-041c-47c8-8e30-e3d71d57ea73,rec5235637881,1030,Maya Novak,Halfmoon Collective,Sr. Manager,,,AdTech,USA,Series A;Series B;Series C+,,,,Generalist. Sector agnostic. Interested in strong founders more than markets.,clean,exact_key,2020-08-22 00:09:55
ec9c3a67-2cd3-4c0a-8f28-df8001cfee80,rec7206895498,1001,Elena Aziz,Lantern Fund,Product Management Lead,Angel Investor;Operator,,Agriculture;Artificial Intelligence;Blockchain / Digital Assets;Consumer - Tech;Education;Enterprise SaaS;FinTech;Future of Work / Productivity;Healthcare - Digital Health;Marketplace;Mobility;PropTech / Real Estate;SportsTech;TravelTech,USA,Pre-seed and earlier;Seed;Series A,Yes,elena.aziz@proton.me,+1 655-867-4683,Writes first cheques into pre-seed and seed. Reach me on elena.aziz@proton.me or +1 655-867-4683 — I don't check LinkedIn.,clean,exact_key,2022-04-06 16:51:15
d482e824-b352-4393-bf28-0b062adcb72a,rec4367154974,1170,Omar Silva,Halfmoon Collective,Founder,,,,USA,Pre-seed and earlier;Seed;Series A,,omar.silva@proton.me.,,Deep tech and hardware only. Please no marketplaces. Best contact is omar.silva@proton.me.,clean,exact_key,2020-06-03 13:32:34
92c946dc-b9a9-4d96-b223-24aec249d5e8,rec7531256553,1074,Adam Lindqvist,Northgate Holdings,individual investor,,,AdTech;Artificial Intelligence;AR  / VR;Consumer - Tech;FinTech;Healthcare - Digital Health;Media;Mobility,USA,Seed;Series A;Series B,Yes,,,Generalist. Sector agnostic. Interested in strong founders more than markets.,clean,exact_key,2021-09-08 15:29:41
0c05d991-3303-4aaf-8570-e9028ef9431c,rec5058273628,1171,Tara Braun,Cinder Capital,,,,,,,,tara.braun@outlook.com.,,Climate + industrial. Co-invest with Alder Fund. My assistant is tara.braun@outlook.com.,clean,exact_key,2020-02-10 22:12:42
e95e1a6f-2aa9-4976-b2f5-34c4e981dab9,rec8648081152,1066,Ravi Nair,Ironwood Partners,Investment Analyst,,,,USA;Middle East,Seed;Series A;Series B,,ravi.nair@proton.me.,,Deep tech and hardware only. Please no marketplaces. Best contact is ravi.nair@proton.me.,clean,exact_key,2020-07-24 21:35:24
c3243e4d-48d5-4c4a-9c4d-f0ec8b89b45b,rec6549202444,1024,Rohan Khanna,quarry labs,"Partner, Head of Strategy (also ind. investor)",,,,USA,Pre-seed and earlier;Seed;Series A,Yes,rohan.khanna@proton.me.,,Deep tech and hardware only. Please no marketplaces. Best contact is rohan.khanna@proton.me.,clean,exact_key,2021-01-27 21:39:03
6743608f-2c1a-4a4f-95b9-1b4426e3225d,rec9841269717,1020,Aarav Lindqvist,Lantern Advisors,Associate / Venture Partner,Venture Capital,,Agriculture;Alternative Energy;Blockchain / Digital Assets;ClimateTech;Consumer - Retail;Consumer - Tech;DeepTech;Enterprise SaaS;FinTech;Food / Alternative Protein;Impact;IoT;Marketplace;SportsTech;Sustainability;TravelTech;Water,USA;Europe,Pre-seed and earlier;Seed;Series A;Series B;Series C+,Yes,,,"Fintech, payments, emerging markets. I lead sometimes. Warm intros only.",clean,exact_key,2023-03-21 18:46:40
ca249a69-44e8-4bd4-8951-313d27bc31cc,rec7906646971,1076,Grace Sharma,halfmoon labs,CEO,Angel Investor;Private Equity;Corporate VC;Entrepreneur;Operator,,,USA;Canada;Europe;India,Pre-seed and earlier;Seed,Yes,grace.sharma@gmail.com,,Focus is B2B infrastructure. Ex-operator. Happy to see anything with real revenue. Contact: grace.sharma@gmail.com,clean,exact_key,2023-08-02 14:41:01
8c98f086-a1ab-4c28-947b-ca2549105fd4,rec8615102376,1100,Rohan Iyer,Halfmoon Labs,,,,,,,,,+1 292-595-9341,"I invest personally, not through the fund. Typical cheque 25-50k. +1 292-595-9341 is fastest.",clean,exact_key,2020-05-01 07:32:30
3c9c8ddd-1e7b-4a12-8662-ae2c08a5952e,rec8122185580,1091,Marco Baker,Fathom Collective,Principal,Angel Investor;Venture Capital,,Consumer - Tech;Education;Enterprise SaaS;FinTech;Future of Work / Productivity;InsurTech;LegalTech;Marketplace;PropTech / Real Estate;TravelTech,USA;Europe;Middle East,Seed;Series A,Yes,marco.baker@gmail.com.,,Deep tech and hardware only. Please no marketplaces. Best contact is marco.baker@gmail.com.,clean,exact_key,2022-04-27 10:10:07
e8b3a89e-45f7-49c9-b08c-90f979d46939,rec7101876661,1206,Ishaan Kapoor,Ironwood Holdings,Managing Partner,,,,USA,Seed;Series A,Yes,,+1 631-501-8439,"I invest personally, not through the fund. Typical cheque 25-50k. +1 631-501-8439 is fastest.",clean,exact_key,2021-05-05 16:45:08
ac69211a-a989-4e52-bee0-65ac0e384cf5,rec6282269891,1027,Lukas Adeyemi,Riverstone Ventures,,,,,,,,,,Currently not deploying. Circle back next year.,clean,exact_key,2020-04-20 22:45:37
4db7df54-6bc0-447c-a29d-babf9dd13595,rec7096842742,1136,Aarav Byrne,Ironwood Holdings,Founder & CEO,,,,USA;India,Pre-seed and earlier;Seed;Series A,,,,Currently not deploying. Circle back next year.,clean,exact_key,2020-06-03 22:12:35
6a879f9c-8443-47b0-ba52-4124fb077698,rec2898174029,1147,Neha Hughes,Copperline Capital,General Partner,Angel Investor;Family Office;Venture Capital;Entrepreneur;Operator,10-25K USD,,USA;East Asia,Pre-seed and earlier;Seed;Series A,Yes,,,See my website. I don't share a check size publicly.,clean,exact_key,2022-09-25 14:10:39
1dd320d3-8ffe-4891-999f-d5c9ea3486a8,rec3408308320,1186,Julia Verma,Harbour Labs,Managing Partner,,,,USA;Southeast Asia,Seed;Series A,Yes,,,,clean,exact_key,2021-01-08 03:13:01
d6c3f7b7-0334-4671-9231-94414ca4158d,rec9296618289,1036,Johan Watanabe,Ember Group,Partner,,,,USA,Pre-seed and earlier;Seed,Yes,johan.watanabe@proton.me,+1 837-506-3912,Writes first cheques into pre-seed and seed. Reach me on johan.watanabe@proton.me or +1 837-506-3912 — I don't check LinkedIn.,clean,exact_key,2020-11-24 01:34:38
1e608b8d-a067-45c3-962d-43b3bfd6a5d2,rec3758508311,1154,Vikram Nair,Fathom Partners,General Partner,,,,USA;Canada;Latin America/Caribbean;South America;Europe;Africa;Middle East;East Asia;India;Southeast Asia;Australia/Oceania,Pre-seed and earlier;Seed;Series A;Series B;Series C+,Yes,,,,clean,exact_key,2021-04-28 16:32:47
581947a4-e9cc-47b2-8504-8ceb95043246,rec3334885940,1079,Sana Mehta,Halfmoon Ventures,President,Angel Investor;Venture Capital;Private Equity,50 - 500 K,Alternative Energy;FinTech;Healthcare - Digital Health;Healthcare - Medical Devices;Healthcare - Pharma & Drug Development;Marketplace;Media;Social Networks / Apps;TravelTech,USA,Pre-seed and earlier;Seed,Yes,sana.mehta@proton.me,,Focus is B2B infrastructure. Ex-operator. Happy to see anything with real revenue. Contact: sana.mehta@proton.me,clean,exact_key,2024-01-13 14:41:50
8e01cfa7-4833-4f3d-a71a-0fb3e8292edc,rec1095477513,1109,Ananya Dubois,Vector Ventures,Consulting CFO - Venture & Corporate,,,Artificial Intelligence;Consumer - Tech;Enterprise SaaS;FinTech;Future of Work / Productivity;Mobility;Social Networks / Apps;SportsTech;TravelTech,USA;Canada,Pre-seed and earlier;Seed,Yes,,+1 241-776-9753,"I invest personally, not through the fund. Typical cheque 25-50k. +1 241-776-9753 is fastest.",clean,exact_key,2021-08-05 23:14:03
319ae67e-3292-4b1f-a804-685f5a3904be,rec5765626609,1221,Ishaan Tran,Saltmarsh Collective,Managing Partner,Venture Capital;Private Equity,,Healthcare - Pharma & Drug Development,USA;Canada;South America;Europe;Australia/Oceania,Pre-seed and earlier;Seed;Series A;Series B,Yes,ishaan.tran@gmail.com,,Focus is B2B infrastructure. Ex-operator. Happy to see anything with real revenue. Contact: ishaan.tran@gmail.com,clean,exact_key,2022-11-28 04:29:28
8f8b53ea-f148-42f0-a5db-6bee97708d4c,rec1098013366,1105,Ishaan Karim,Meridian Ventures,Partner,Other,,Enterprise SaaS;FinTech;Hardware / HardTech;Healthcare - Digital Health;Human Resources;InsurTech;IoT,USA;Canada;Europe,Seed;Series A,Yes,ishaan.karim@proton.me,+1 860-820-5705,Writes first cheques into pre-seed and seed. Reach me on ishaan.karim@proton.me or +1 860-820-5705 — I don't check LinkedIn.,clean,exact_key,2022-01-21 19:13:15
91853dcf-2c6f-4050-a500-1f18f5567298,rec3514741719,1144,Anna Park,Quarry Advisors,,,,,,,,anna.park@gmail.com,+1 709-854-4466,Writes first cheques into pre-seed and seed. Reach me on anna.park@gmail.com or +1 709-854-4466 — I don't check LinkedIn.,clean,exact_key,2020-02-17 12:44:52
64a88d1c-675d-4006-af6f-9ca052bc3e43,rec9901184486,1150,Kabir Iyer,Quarry Advisors,Head of VC Coverage (also Fund and Angel investor),,,,USA;Canada,Seed;Series A,Yes,,,See my website. I don't share a check size publicly.,clean,exact_key,2021-01-14 17:28:09
c1fb1400-0c38-489f-88fe-1405265b8c3b,rec2706196116,1180,Maya Kapoor,Saltmarsh Holdings,Partner,,,AdTech;Artificial Intelligence;AR  / VR;Consumer - Retail;Cybersecurity;DeepTech;Education;Enterprise SaaS;Future of Work / Productivity;Healthcare - Digital Health;Human Resources;LegalTech;Marketplace;PropTech / Real Estate;RegTech,USA;Europe,Seed;Series A,Yes,maya.kapoor@outlook.com,,Focus is B2B infrastructure. Ex-operator. Happy to see anything with real revenue. Contact: maya.kapoor@outlook.com,clean,exact_key,2021-08-12 20:11:52
3326370b-3b35-44b2-9ec9-86c1ef670dc3,rec4734939370,1121,Chloe Kapoor,Fathom Partners,Sr. Partner / COO,,,Alternative Energy;Blockchain / Digital Assets;ClimateTech;Consumer - Retail;Consumer - Tech;Cybersecurity;Education;Enterprise SaaS;FinTech;Future of Work / Productivity;Healthcare - Digital Health;Healthcare - Medical Devices;Human Resources;Impact;IoT;Media;Mobility;RegTech;Sustainability;Water,USA,Pre-seed and earlier;Seed;Series A,Yes,chloe.kapoor@outlook.com,+1 383-490-3156,Writes first cheques into pre-seed and seed. Reach me on chloe.kapoor@outlook.com or +1 383-490-3156 — I don't check LinkedIn.,clean,exact_key,2022-03-30 21:04:54
0a1ef504-c3d2-40c9-b413-e3dfc9c22607,rec6084671628,1132,Priya Dubois,Vector Fund,Venture Partner,,,,USA;Canada,Seed;Series A;Series B,Yes,,+1 554-353-1186,"I invest personally, not through the fund. Typical cheque 25-50k. +1 554-353-1186 is fastest.",clean,exact_key,2021-01-07 15:30:00
8f14c90d-d048-4a21-94a3-dd0a543646d5,rec1738789554,1011,Nikhil Fletcher,Drift Labs,CEO,Angel Investor;Entrepreneur;Operator,25-100k,AdTech;AR  / VR;Blockchain / Digital Assets;Cannabis;Consumer - Retail;Consumer - Tech;Education;Enterprise SaaS;FinTech;Food / Alternative Protein;Gaming;Healthcare - Digital Health;InsurTech;LegalTech;Marketplace;PropTech / Real Estate;Robotics;Social Networks / Apps;SpaceTech;SportsTech;TravelTech,USA;Latin America/Caribbean;South America;Europe;East Asia;India;Southeast Asia;Australia/Oceania,Pre-seed and earlier;Seed;Series A,Yes,nikhil.fletcher@outlook.com,+1 397-463-9189,Writes first cheques into pre-seed and seed. Reach me on nikhil.fletcher@outlook.com or +1 397-463-9189 — I don't check LinkedIn.,clean,exact_key,2022-04-25 19:00:46
f29ca20e-ccff-406f-8775-0bdf86f0a8d0,rec6172707203,1056,Yusuf Palmer,Saltmarsh Capital,Principal,Angel Investor;Venture Capital,,Consumer - Tech;Education;Enterprise SaaS;FinTech;Future of Work / Productivity;InsurTech;LegalTech;Marketplace;PropTech / Real Estate;TravelTech,USA;Europe;Middle East,Seed;Series A,Yes,,,See my website. I don't share a check size publicly.,clean,exact_key,2022-04-27 10:10:07
f785e0cc-afe0-4a26-a0fd-b88bd03e6753,rec6124607215,1151,Tara Bose,Fathom Collective,CEO,Angel Investor;Entrepreneur;Operator,$100-$150K,FinTech;InsurTech;PropTech / Real Estate,USA;Canada;Latin America/Caribbean;South America;Europe;Middle East,Pre-seed and earlier;Seed;Series A;Series B,Yes,,,"Fintech, payments, emerging markets. I lead sometimes. Warm intros only.",clean,exact_key,2023-02-22 01:33:59
6a038b11-7bcd-420c-a74c-1f0a457ab451,rec6778643462,1017,Ananya Halvorsen,Copperline Partners,Venture Partner,,,Agriculture;Alternative Energy;Blockchain / Digital Assets;Education;FinTech;Future of Work / Productivity;Gaming;Healthcare - Digital Health;Healthcare - Medical Devices;Human Resources;Marketplace;PropTech / Real Estate;SportsTech;Supply Chain / Logistics;Sustainability;TravelTech;Water,Southeast Asia;Australia/Oceania,Pre-seed and earlier;Seed,Yes,,,Currently not deploying. Circle back next year.,clean,exact_key,2021-07-23 01:56:41
fd62145d-f6f1-40b1-b34c-b75a1dc7d18a,rec2382136607,1187,Sofia Hughes,Harbour Labs,Managing Partner,,,Enterprise SaaS;IoT;Cybersecurity;Education;Sustainability;SportsTech;Healthcare - Pharma & Drug Development;PropTech / Real Estate;Hardware / HardTech;Impact;Water;Consumer - Tech;DeepTech;Robotics;Social Networks / Apps;Gaming;Food / Alternative Protein;ClimateTech;Healthcare - Medical Devices;Marketplace;Materials Science;SpaceTech;Blockchain / Digital Assets;Future of Work / Productivity;AR  / VR;Alternative Energy;Agriculture,USA;Canada;Latin America/Caribbean;South America;Europe;Africa;Middle East;East Asia;India;Southeast Asia;Australia/Oceania,Pre-seed and earlier;Seed,Yes,sofia.hughes@outlook.com.,,Climate + industrial. Co-invest with Quarry Fund. My assistant is sofia.hughes@outlook.com.,clean,exact_key,2021-11-03 15:55:57
92792505-c952-4614-bfe1-f17f31cdb3ea,rec5691904422,,Nikhil Aziz,Saltmarsh Advisors,Business Director,Angel Investor;Venture Capital;Operator,,Artificial Intelligence;Cybersecurity;DeepTech;Enterprise SaaS;Future of Work / Productivity;Healthcare - Medical Devices;Human Resources;InsurTech;IoT,USA;Canada,Pre-seed and earlier;Seed,Yes,,,,clean,single_source,2022-03-31 18:03:52
ed62eeb2-c3b2-46fb-9df8-c3ad77df96a7,rec4774116293,,Tara Hughes,Cinder Capital,Managing Partner/Founder,,,Artificial Intelligence;Blockchain / Digital Assets;Cybersecurity;Enterprise SaaS;FinTech;Future of Work / Productivity;Healthcare - Digital Health;InsurTech;Media;PropTech / Real Estate,Canada,Seed,Yes,,,,clean,single_source,2021-07-22 20:38:50
0b3360c8-cdb5-4863-b79e-94c9c3d2bd83,rec3066325322,,Ravi Mehta,Riverstone Capital,Principal,Angel Investor;Corporate VC;Entrepreneur,"$5000-$50,000",IoT;ClimateTech;Impact;AR  / VR;Water;Gaming;Artificial Intelligence;InsurTech;PropTech / Real Estate;Healthcare - Digital Health;Food / Alternative Protein;Sustainability;Cybersecurity;Consumer - Retail;Alternative Energy;AdTech;Agriculture;DeepTech;Materials Science;Media;Hardware / HardTech;Consumer - Tech;Marketplace;Blockchain / Digital Assets;Mobility;Education;RegTech,USA,Pre-seed and earlier;Seed;Series A;Series B,Yes,,,,clean,single_source,2022-09-12 01:23:55
d86ac3a0-825a-4df9-81cd-ee0bd1e2f6a0,rec8023063694,,Nina Okafor,Meridian Capital,Strategy and Business Development,Corporate VC,,Healthcare - Digital Health;Healthcare - Medical Devices,USA;Canada;Europe,Series A;Series B;Series C+,Yes,,,,clean,single_source,2023-04-20 19:53:05
99f4be55-ab40-42f3-abda-012bdfe9fa5f,rec8358513746,,Rhea Rossi,Halfmoon Group,Principal,Venture Capital;Growth Equity,,Healthcare - Digital Health;Healthcare - Medical Devices,USA,Series A;Series B;Series C+,Yes,,,,clean,single_source,2022-08-26 23:53:55
1d2bc6f1-d810-4338-a3ea-dd7591d08758,rec7635641013,,Aarav Weber,Beacon Advisors,Principal,Angel Investor;Corporate VC;Entrepreneur,"$5000-$50,000",SpaceTech;TravelTech;Future of Work / Productivity;Gaming;Education;Hardware / HardTech;Food / Alternative Protein;Materials Science;Artificial Intelligence;DeepTech;Marketplace;AdTech;Blockchain / Digital Assets;Supply Chain / Logistics;RegTech;Healthcare - Pharma & Drug Development;Alternative Energy;Consumer - Retail;PropTech / Real Estate;Media;Mobility;Consumer - Tech;InsurTech;Sustainability;FinTech;IoT;Healthcare - Medical Devices,USA,Pre-seed and earlier;Seed;Series A;Series B,Yes,,,,clean,single_source,2022-09-12 01:23:55
c0d8610d-3f1c-4f50-a8c5-3f854ab39164,rec9694506980,,Omar Doyle,Alder Fund,Principal,,,Artificial Intelligence;AR  / VR;ClimateTech;DeepTech;IoT;Mobility;Robotics;SpaceTech,USA;Canada,Pre-seed and earlier;Seed;Series A,Yes,,,,clean,single_source,2021-11-11 15:44:50
2fc52ed6-4c10-48f6-8383-74d5bacb60f7,rec6762637779,,Divya Bose,Harbour Holdings,Founder,Angel Investor;Entrepreneur;Operator,,Healthcare - Digital Health;Healthcare - Medical Devices,USA,Pre-seed and earlier;Seed,Yes,,,,clean,single_source,2023-01-23 17:35:03
56d909e8-cec5-489c-bcd5-8290d65b389a,rec8830830435,,Marco Khanna,Northgate Fund,Start-up CFO/Angel Investor,Angel Investor;Accelerator;Entrepreneur;Operator,$25K-$100K,Artificial Intelligence;Consumer - Retail;Consumer - Tech;DeepTech;Hardware / HardTech;Healthcare - Digital Health;Healthcare - Medical Devices;Healthcare - Pharma & Drug Development;PropTech / Real Estate;SportsTech;Sustainability;Water,USA;Canada;Latin America/Caribbean;South America;Europe,Pre-seed and earlier;Seed;Series A,Yes,,,,clean,single_source,2024-01-16 01:11:57
c1e2d084-9b6e-4172-ae91-d2e78c77be8b,rec7266658364,,Elena Byrne,,N/A,,,AdTech,USA;Latin America/Caribbean;India,Pre-seed and earlier;Seed;Series A;Series B;Series C+,Yes,,,,clean,single_source,2021-02-13 18:10:56
75bdff9f-0f97-4e0f-96fb-09419b583cfa,rec9004440194,,Anna Rao,Harbour Holdings,Partner,Angel Investor;Accelerator;Venture Capital,,,USA,Pre-seed and earlier;Seed,Yes,,,,clean,single_source,2026-06-05 07:14:17
3199ee51-9915-4319-82c1-1723301e59ae,rec5882155980,,Noah Lindqvist,Quarry Ventures,CTO,Angel Investor;Operator,,AdTech;Agriculture;Alternative Energy;Artificial Intelligence;AR  / VR;Blockchain / Digital Assets;Cannabis;ClimateTech;Consumer - Retail;Consumer - Tech;Cybersecurity;DeepTech;Education;Enterprise SaaS;FinTech;Food / Alternative Protein;Future of Work / Productivity;Gaming;Hardware / HardTech;Healthcare - Digital Health;Healthcare - Medical Devices;Healthcare - Pharma & Drug Development;Human Resources;Impact;InsurTech;IoT;LegalTech;Marketplace;Materials Science;Media;Mobility;PropTech / Real Estate;RegTech;Robotics;Social Networks / Apps;SpaceTech;SportsTech;Supply Chain / Logistics;Sustainability;TravelTech;Water,USA;East Asia,Pre-seed and earlier;Seed;Series A;Series B;Series C+,Yes,,,,clean,single_source,2022-04-06 15:21:44
632abf56-3aff-4f3d-9133-3708a187a59b,rec1664535100,,Johan Kapoor,Alder Fund,Vice President,,,,USA,Series A;Series B;Series C+,Yes,,,,clean,single_source,2021-01-27 22:44:27
88b3be6e-068f-49d6-8892-9ffba8c40ecc,rec9145599069,,Rhea Moreau,Granite Capital,"EIR, Singapore Advisor",Venture Capital;Entrepreneur;Operator,,Agriculture;Artificial Intelligence;Blockchain / Digital Assets;Consumer - Retail;Consumer - Tech;Education;Enterprise SaaS;FinTech;Food / Alternative Protein;Future of Work / Productivity;Healthcare - Digital Health;Healthcare - Medical Devices;Impact;InsurTech;Robotics;Supply Chain / Logistics;Sustainability,East Asia;Southeast Asia,Pre-seed and earlier;Seed;Series A,Yes,,,,clean,single_source,2023-05-27 06:49:06
9912a930-a847-4094-ad4d-8dc88362bacf,rec2065752615,,Kabir Sharma,Ironwood Partners,Managing Partner,Angel Investor;Venture Capital;Operator,,,USA,Pre-seed and earlier;Seed,Yes,,,,clean,single_source,2022-08-24 14:02:18
a5034553-b448-467d-8a73-5569e011f8b9,rec5233292436,,Sameer Adeyemi,Vector Group,Partner,,,Blockchain / Digital Assets;Cybersecurity;DeepTech;Enterprise SaaS;FinTech;Robotics;SpaceTech,USA;Middle East,Series A;Series B;Series C+,Yes,,,,clean,single_source,2021-08-05 17:32:10
f44edd5b-9278-43dd-b616-8d21059743e8,rec2565589127,,Kiran Halvorsen,Ember Ventures Inc.,Managing Partner,,,,USA,Seed;Series A,Yes,,,,clean,single_source,
d764d355-d906-49b6-bfc8-d1613d0fddb3,rec3768770964,,Lukas Khanna,Quarry Advisors,Investment Manager,,,,Europe,Pre-seed and earlier;Seed,Yes,,,,clean,single_source,2021-01-06 22:16:27
def01b81-4f55-4c34-8844-bc7afbceb5fc,,1210,,Quarry Group,,,,,,,,unknown@outlook.com.,,Deep tech and hardware only. Please no marketplaces. Best contact is unknown@outlook.com.,clean,single_source,2022-10-31 22:08:25
85f96477-a9d6-4d5f-8c47-f2c4beebbde8,,1135,,Granite Ventures,,,,,,,,,,"Fintech, payments, emerging markets. I lead sometimes. Warm intros only.",clean,single_source,2022-11-19 01:30:34
e55fae27-ee37-439d-b353-74fd57177a33,,1163,,Drift Labs,,,,,,,,,,"Fintech, payments, emerging markets. I lead sometimes. Warm intros only.",clean,single_source,2021-10-30 18:27:06
0d3de6b7-9bd5-41b1-883c-1e172be0ae2a,,1173,,Fathom Partners,,,,,,,,,+1 378-585-4363,"I invest personally, not through the fund. Typical cheque 25-50k. +1 378-585-4363 is fastest.",clean,single_source,2024-01-16 00:24:12
b1919714-3e5c-4541-a3bb-11be016edad3,,1203,,n/a,,,,,,,,,,Generalist. Sector agnostic. Interested in strong founders more than markets.,clean,single_source,2023-05-27 06:49:06
4fe80634-0294-4ce6-b075-a61e35363542,,1222,,,,,,,,,,unknown@proton.me,+1 616-737-1468,Writes first cheques into pre-seed and seed. Reach me on unknown@proton.me or +1 616-737-1468 — I don't check LinkedIn.,clean,single_source,2020-05-13 17:12:24
f4d141d1-4ca2-4342-93da-66a47ed92f18,,1158,,Riverstone Partners,,,,,,,,unknown@outlook.com.,,Deep tech and hardware only. Please no marketplaces. Best contact is unknown@outlook.com.,clean,single_source,2021-08-05 23:14:03
UNKNOWN_LEGACY,,9000|9001|9002|9003|9004|9005|9006|9007|9008|9009|9010|9011|9012|9013,UNKNOWN (legacy placeholder batch),,,,,,,,,,,14 unresolvable 'Legacy Contact N' / rokk3r rows from import_2023; no recoverable identity.,unresolved,excluded_sentinel,
