record_id,full_name,company_name,title,investor_type,check_size,sectors,geographies,stages,takes_meetings,submitted_at
rec4429614553,Nikhil Karim,Ember Partners,,,,,USA;Canada;Europe,Pre-seed and earlier;Seed;Series A,,2020-08-14 13:26:07
rec7206895498,Elena Aziz,Lantern Fund,Product Management Lead,Angel Investor;Operator,,Agriculture;Artificial Intelligence;Blockchain / Digital Assets;Consumer - Tech;Education;Enterprise SaaS;FinTech;Future of Work / Productivity;Healthcare - Digital Health;Marketplace;Mobility;PropTech / Real Estate;SportsTech;TravelTech,USA,Pre-seed and earlier;Seed;Series A,Yes,2022-04-06 16:51:15
rec5859641941,Julia Silva,Granite Partners,investor,Venture Capital;Growth Equity,,AdTech;Artificial Intelligence;AR  / VR;ClimateTech;Consumer - Tech;Enterprise SaaS;Healthcare - Digital Health;InsurTech;LegalTech;Marketplace;Mobility;PropTech / Real Estate;RegTech;SportsTech;Supply Chain / Logistics,USA;Canada;Latin America/Caribbean;South America;Europe;Australia/Oceania,Series A;Series B;Series C+,Yes,2023-03-10 16:46:28
rec5018225861,Johan Silva,Fathom Collective,Managing Partner,,,,USA;Latin America/Caribbean,Pre-seed and earlier;Seed,Yes,2021-10-18 15:36:02
rec8128620213,Kabir Rossi,Riverstone Partners,Head of Legal,Entrepreneur,,Agriculture;Artificial Intelligence;AR  / VR;Blockchain / Digital Assets;Cannabis;Gaming;Healthcare - Digital Health;Healthcare - Pharma & Drug Development;LegalTech;Marketplace;PropTech / Real Estate;Robotics;SpaceTech;Sustainability,USA;Canada;Europe;Middle East,Not investing right now.,Yes,2022-10-26 10:44:18
rec9773647554,Kabir Moreau,Halfmoon Group,Investor,Angel Investor;Venture Capital;Corporate VC,$80K - $1M,,USA;Canada;Europe;Middle East,Seed;Series A,Yes,2026-03-03 15:09:43
rec5888751583,Pieter Hughes,fathom group,,,,,USA,Seed;Series A;Series B;Series C+,,2020-05-01 23:02:20
rec9386503443,Anna Chen,vector partners,Principal,Venture Capital,,AdTech;Consumer - Retail;Consumer - Tech;DeepTech;Education;Enterprise SaaS;FinTech;Hardware / HardTech;InsurTech;PropTech / Real Estate;SpaceTech;SportsTech;Supply Chain / Logistics;TravelTech,USA;India,Pre-seed and earlier;Seed;Series A,Yes,2023-05-16 19:42:37
rec9287033584,Rohan Doyle,Granite Ventures,"Vice President, Capital Markets",,,,USA;Canada;East Asia,Pre-seed and earlier;Seed,Yes,2020-12-10 01:08:59
rec7862636229,Grace Okafor,,Partner,,,Agriculture;Alternative Energy;Artificial Intelligence;AR  / VR;Blockchain / Digital Assets;ClimateTech;Cybersecurity;DeepTech;Enterprise SaaS;FinTech;Future of Work / Productivity;Hardware / HardTech;Healthcare - Digital Health;Healthcare - Medical Devices;Healthcare - Pharma & Drug Development;Impact;IoT;LegalTech;Materials Science;Mobility;PropTech / Real Estate;RegTech;Robotics;Social Networks / Apps;SpaceTech;Supply Chain / Logistics;Sustainability;TravelTech;Water,USA;Canada;Latin America/Caribbean;South America;Europe;Africa;Middle East;East Asia;India;Southeast Asia;Australia/Oceania,Pre-seed and earlier;Seed;Series A,Yes,2021-11-23 00:44:22
rec7263247167,Nikhil Nguyen,Saltmarsh Advisors,CEO,Entrepreneur;Operator;Other,,Cannabis;Healthcare - Digital Health;ClimateTech;Materials Science;RegTech;Mobility;Alternative Energy;Cybersecurity;LegalTech;SpaceTech;Agriculture;DeepTech;Consumer - Retail;Education;Future of Work / Productivity;Impact;Human Resources;Marketplace;Supply Chain / Logistics;Healthcare - Medical Devices;InsurTech;Media;Robotics;Blockchain / Digital Assets;Hardware / HardTech;Water;Enterprise SaaS,USA;East Asia;Australia/Oceania,Not investing right now.,Yes,2022-05-10 18:52:01
rec1738789554,Nikhil Fletcher,Drift Labs,CEO,Angel Investor;Entrepreneur;Operator,25-100k,AdTech;AR  / VR;Blockchain / Digital Assets;Cannabis;Consumer - Retail;Consumer - Tech;Education;Enterprise SaaS;FinTech;Food / Alternative Protein;Gaming;Healthcare - Digital Health;InsurTech;LegalTech;Marketplace;PropTech / Real Estate;Robotics;Social Networks / Apps;SpaceTech;SportsTech;TravelTech,USA;Latin America/Caribbean;South America;Europe;East Asia;India;Southeast Asia;Australia/Oceania,Pre-seed and earlier;Seed;Series A,Yes,2022-04-25 19:00:46
rec1551538471,Pieter Kovac,Saltmarsh Holdings,Associate,Venture Capital,,InsurTech;Enterprise SaaS;Social Networks / Apps;Hardware / HardTech;Consumer - Tech;Materials Science;DeepTech;Cannabis;Future of Work / Productivity;PropTech / Real Estate;TravelTech;Artificial Intelligence;AR  / VR;Cybersecurity;AdTech;Consumer - Retail;Supply Chain / Logistics;Water;SpaceTech;IoT;Healthcare - Medical Devices;Education;Healthcare - Pharma & Drug Development;Marketplace;ClimateTech;Alternative Energy;RegTech,Europe;Middle East,Pre-seed and earlier;Seed,Yes,2026-08-19 14:41:22
rec2895082943,,Fathom Group,I'm currently a Founder and CEO,,,,USA;Latin America/Caribbean;Middle East;East Asia;Southeast Asia,Pre-seed and earlier;Seed,,2020-06-03 12:22:02
rec9156451530,Omar Novak,Lantern Fund,Investor,Angel Investor;Venture Capital,,,USA,Pre-seed and earlier;Seed;Series B;Series C+,Yes,2023-08-16 01:54:52
rec4245626691,Nikhil Watanabe,Granite Partners,EU-Partner,Angel Investor;Accelerator;Venture Capital;Entrepreneur,,,USA;Europe;Africa;Middle East,Pre-seed and earlier;Seed,Yes,2023-03-13 16:38:27
rec6332984791,Pieter Aziz,Ironwood Labs,"Founder, CEO",Entrepreneur,,Cannabis;ClimateTech;DeepTech;Materials Science;Sustainability,USA;Canada;Latin America/Caribbean;South America;Europe;Africa;Middle East;East Asia;India;Southeast Asia;Australia/Oceania,Pre-seed and earlier,Yes,2023-07-24 21:31:28
rec6778643462,Ananya Halvorsen,Copperline Partners,Venture Partner,,,Agriculture;Alternative Energy;Blockchain / Digital Assets;Education;FinTech;Future of Work / Productivity;Gaming;Healthcare - Digital Health;Healthcare - Medical Devices;Human Resources;Marketplace;PropTech / Real Estate;SportsTech;Supply Chain / Logistics;Sustainability;TravelTech;Water,Southeast Asia;Australia/Oceania,Pre-seed and earlier;Seed,Yes,2021-07-23 01:56:41
rec7734371061,Lukas Braun,Ironwood Labs,Vice President,,,,USA;Canada,Series A;Series B;Series C+,Yes,2020-12-08 20:35:25
rec5691904422,Nikhil Aziz,Saltmarsh Advisors,Business Director,Angel Investor;Venture Capital;Operator,,Artificial Intelligence;Cybersecurity;DeepTech;Enterprise SaaS;Future of Work / Productivity;Healthcare - Medical Devices;Human Resources;InsurTech;IoT,USA;Canada,Pre-seed and earlier;Seed,Yes,2022-03-31 18:03:52
rec9841269717,Aarav Lindqvist,Lantern Advisors,Associate / Venture Partner,Venture Capital,,Agriculture;Alternative Energy;Blockchain / Digital Assets;ClimateTech;Consumer - Retail;Consumer - Tech;DeepTech;Enterprise SaaS;FinTech;Food / Alternative Protein;Impact;IoT;Marketplace;SportsTech;Sustainability;TravelTech;Water,USA;Europe,Pre-seed and earlier;Seed;Series A;Series B;Series C+,Yes,2023-03-21 18:46:40
rec8202680067,Ravi Lindqvist,Beacon Labs,Investment Analyst,,,Artificial Intelligence;Blockchain / Digital Assets;Consumer - Retail;Consumer - Tech;Cybersecurity;Enterprise SaaS;FinTech;Food / Alternative Protein;Impact;InsurTech;LegalTech;Marketplace;PropTech / Real Estate;Sustainability;TravelTech,USA;Canada;Latin America/Caribbean;South America;Europe;Africa;Middle East;East Asia;India;Southeast Asia;Australia/Oceania,Seed;Series A;Series B;Series C+,Yes,2022-03-10 15:20:12
rec4774116293,Tara Hughes,Cinder Capital,Managing Partner/Founder,,,Artificial Intelligence;Blockchain / Digital Assets;Cybersecurity;Enterprise SaaS;FinTech;Future of Work / Productivity;Healthcare - Digital Health;InsurTech;Media;PropTech / Real Estate,Canada,Seed,Yes,2021-07-22 20:38:50
rec3010147181,Owen Rao,Halfmoon Collective,Managing Partner,,,Healthcare - Pharma & Drug Development,USA,Pre-seed and earlier;Seed;Series A,Yes,2021-11-11 14:47:50
rec6549202444,Rohan Khanna,quarry labs,"Partner, Head of Strategy (also ind. investor)",,,,USA,Pre-seed and earlier;Seed;Series A,Yes,2021-01-27 21:39:03
rec3066325322,Ravi Mehta,Riverstone Capital,Principal,Angel Investor;Corporate VC;Entrepreneur,"$5000-$50,000",IoT;ClimateTech;Impact;AR  / VR;Water;Gaming;Artificial Intelligence;InsurTech;PropTech / Real Estate;Healthcare - Digital Health;Food / Alternative Protein;Sustainability;Cybersecurity;Consumer - Retail;Alternative Energy;AdTech;Agriculture;DeepTech;Materials Science;Media;Hardware / HardTech;Consumer - Tech;Marketplace;Blockchain / Digital Assets;Mobility;Education;RegTech,USA,Pre-seed and earlier;Seed;Series A;Series B,Yes,2022-09-12 01:23:55
rec3864886996,Arjun Costa,Copperline Capital,CEO,Angel Investor;Entrepreneur;Operator,$100-$150K,FinTech;InsurTech;PropTech / Real Estate,USA;Canada;Latin America/Caribbean;South America;Europe;Middle East,Pre-seed and earlier;Seed;Series A;Series B,Yes,2023-02-22 01:33:59
rec6282269891,Lukas Adeyemi,Riverstone Ventures,,,,,,,,2020-04-20 22:45:37
rec2659479872,Kiran Bose,Saltmarsh Ventures,Vice President,,,,USA,Series A;Series B;Series C+,Yes,2021-01-27 22:44:27
rec2319255761,Tara Aziz,,Founder / Investments,Angel Investor;Entrepreneur;Operator,$25k to $50k,AdTech;Alternative Energy;Artificial Intelligence;Cannabis;FinTech;Food / Alternative Protein;Future of Work / Productivity;Impact;Water,USA;Canada,Pre-seed and earlier;Seed;Series A,Yes,2023-03-10 20:02:22
rec5235637881,Maya Novak,Halfmoon Collective,Sr. Manager,,,AdTech,USA,Series A;Series B;Series C+,,2020-08-22 00:09:55
rec3275869324,Rhea Tran,Harbour Labs,,,,,USA,Pre-seed and earlier;Seed;Series A;Series B,,2020-05-01 17:46:48
rec7300051127,Ethan Nguyen,Fathom Fund,Principal,,,Artificial Intelligence;AR  / VR;ClimateTech;DeepTech;IoT;Mobility;Robotics;SpaceTech,USA;Canada,Pre-seed and earlier;Seed;Series A,Yes,2021-11-11 15:44:50
rec1039911577,Meera Byrne,Saltmarsh Collective,CEO,Entrepreneur,,FinTech;InsurTech,USA,Not investing right now.,Yes,2022-05-13 05:55:56
rec9510435244,Ethan Hughes,Kestrel Collective,,,,,,,,2020-04-22 22:17:14
rec8023063694,Nina Okafor,Meridian Capital,Strategy and Business Development,Corporate VC,,Healthcare - Digital Health;Healthcare - Medical Devices,USA;Canada;Europe,Series A;Series B;Series C+,Yes,2023-04-20 19:53:05
rec9296618289,Johan Watanabe,Ember Group,Partner,,,,USA,Pre-seed and earlier;Seed,Yes,2020-11-24 01:34:38
rec6629614125,Marco Silva,Ember Partners,Associate,Venture Capital;Corporate VC,,Healthcare - Digital Health,USA,Series A;Series B;Series C+,Yes,2022-05-02 21:27:53
rec4458555246,Vikram Byrne,,Managing Partner,,,,USA;Southeast Asia,Seed;Series A,Yes,2021-01-08 03:13:01
rec1466759476,Meera Nair,Riverstone Partners,Principal / Junior Partner,Venture Capital,,AdTech;Agriculture;Alternative Energy;Artificial Intelligence;AR  / VR;Blockchain / Digital Assets;ClimateTech;Consumer - Retail;Consumer - Tech;DeepTech;Education;Enterprise SaaS;FinTech;Healthcare - Digital Health;Healthcare - Medical Devices;Human Resources;InsurTech;IoT;Marketplace;Media;Mobility;PropTech / Real Estate;SportsTech;Supply Chain / Logistics;Sustainability;TravelTech,Europe,Pre-seed and earlier;Seed;Series A,Yes,2022-05-04 07:18:31
rec1761447600,Tara Khanna,Vector Labs,"Founder, Managing Director",Angel Investor;Entrepreneur;Operator,$250k-$1Mil,,USA;Canada;South America;Europe;Middle East;Australia/Oceania,Pre-seed and earlier;Seed;Series A,Yes,2022-12-08 20:22:53
rec8620004262,Dev Mehta,Quarry Labs,Former VC Associate,,,Artificial Intelligence;AR  / VR;Enterprise SaaS;Future of Work / Productivity;Healthcare - Digital Health;Impact;SportsTech;TravelTech,USA,Pre-seed and earlier;Seed;Series A,Yes,2022-01-26 19:37:53
rec4341432943,Kabir Khanna,Saltmarsh Ventures,Head of North America,Venture Capital,,AdTech;Artificial Intelligence;AR  / VR;Blockchain / Digital Assets;Consumer - Retail;Consumer - Tech;Education;Enterprise SaaS;Future of Work / Productivity;Gaming;Human Resources;Impact;IoT;Marketplace;Media;Mobility;PropTech / Real Estate;Social Networks / Apps;SpaceTech;SportsTech;TravelTech,USA;Europe,Pre-seed and earlier;Seed;Series A,Yes,2023-07-28 18:29:29
rec1100909341,Owen Sharma,Fathom Partners,,,,,USA,Pre-seed and earlier;Seed;Series A,,
rec7955687652,Adam Baker,,Lead Investments : North America,,,,USA;Canada;India;Southeast Asia,Seed;Series A,Yes,2021-03-04 16:15:27
rec1180890658,Chloe Okafor,Quarry Ventures,,,,,,,,2020-02-10 23:04:44
rec6438149343,Nina Dubois,,Investor,,,Consumer - Tech;Sustainability;Education;Gaming;FinTech;Future of Work / Productivity;SportsTech;Food / Alternative Protein;AdTech;IoT;RegTech;ClimateTech;Supply Chain / Logistics;Robotics;Healthcare - Medical Devices;InsurTech;Materials Science;Alternative Energy;Healthcare - Digital Health;PropTech / Real Estate;Cybersecurity;Consumer - Retail;DeepTech;Artificial Intelligence;Mobility;LegalTech;TravelTech,USA,Pre-seed and earlier;Seed;Series A;Series B;Series C+,Yes,2022-03-17 01:56:11
rec3921528900,test test,Testing,,Venture Capital,,,USA;Europe,Pre-seed and earlier;Seed;Series A,Yes,2023-07-28 18:29:29
rec8358513746,Rhea Rossi,Halfmoon Group,Principal,Venture Capital;Growth Equity,,Healthcare - Digital Health;Healthcare - Medical Devices,USA,Series A;Series B;Series C+,Yes,2022-08-26 23:53:55
rec3562215347,Ananya Shaw,Saltmarsh Capital,,,,,USA,Pre-seed and earlier;Seed;Series A;Series B;Series C+,,2020-08-11 18:31:20
rec9556847957,Pieter Kovac,Saltmarsh Holdings,Associate,Venture Capital,,InsurTech;Enterprise SaaS;Social Networks / Apps;Hardware / HardTech;Consumer - Tech;Materials Science;DeepTech;Cannabis;Future of Work / Productivity;PropTech / Real Estate;TravelTech;Artificial Intelligence;AR  / VR;Cybersecurity;AdTech;Consumer - Retail;Supply Chain / Logistics;Water;SpaceTech;IoT;Healthcare - Medical Devices;Education;Healthcare - Pharma & Drug Development;Marketplace;ClimateTech;Alternative Energy;RegTech,Europe;Middle East,Pre-seed and earlier;Seed,Yes,
rec7437993101,Felix Byrne,Fathom Collective,Investment Director,Venture Capital;Corporate VC;Entrepreneur;Other,,Artificial Intelligence;ClimateTech;Consumer - Retail;Food / Alternative Protein;Healthcare - Digital Health;Impact,USA,Seed;Series A;Series B,Yes,2022-08-18 20:24:17
rec6688044740,Kiran Hughes,Halfmoon Collective,CEO,Entrepreneur,,FinTech,USA,Not investing right now.,Yes,2022-05-06 20:51:23
rec9734294288,Nikhil Palmer,Ironwood Labs,Partner,Venture Capital,,,USA,Pre-seed and earlier;Seed;Series A,Yes,2023-04-01 22:45:30
rec1585298691,Meera Hughes,Kestrel Collective,General Partner,Angel Investor;Venture Capital;Operator,100-500K,AdTech;Alternative Energy;Artificial Intelligence;ClimateTech;Cybersecurity;DeepTech;Enterprise SaaS;FinTech;Future of Work / Productivity;Hardware / HardTech;Healthcare - Digital Health;InsurTech;IoT;LegalTech;Marketplace;Robotics;SpaceTech;SportsTech;Supply Chain / Logistics;Sustainability,USA;Canada;Latin America/Caribbean;South America;Europe;Southeast Asia,Pre-seed and earlier;Seed;Series A,Yes,2023-10-26 16:53:02
rec3354091884,Rohan Sharma,Riverstone Partners,Managing Partner,Venture Capital;Other,,Alternative Energy;Artificial Intelligence;AR  / VR;Blockchain / Digital Assets;ClimateTech;Cybersecurity;DeepTech;Education;FinTech;Hardware / HardTech;Healthcare - Digital Health;Healthcare - Medical Devices;Human Resources;Impact;InsurTech;Materials Science;Mobility;PropTech / Real Estate;Supply Chain / Logistics;Sustainability;Water,USA;Canada;Latin America/Caribbean;South America;Europe;Africa;Middle East;East Asia;India;Southeast Asia;Australia/Oceania,Pre-seed and earlier;Seed;Not investing right now.,Yes,2023-02-23 02:26:41
rec6172707203,Yusuf Palmer,Saltmarsh Capital,Principal,Angel Investor;Venture Capital,,Consumer - Tech;Education;Enterprise SaaS;FinTech;Future of Work / Productivity;InsurTech;LegalTech;Marketplace;PropTech / Real Estate;TravelTech,USA;Europe;Middle East,Seed;Series A,Yes,2022-04-27 10:10:07
rec7635641013,Aarav Weber,Beacon Advisors,Principal,Angel Investor;Corporate VC;Entrepreneur,"$5000-$50,000",SpaceTech;TravelTech;Future of Work / Productivity;Gaming;Education;Hardware / HardTech;Food / Alternative Protein;Materials Science;Artificial Intelligence;DeepTech;Marketplace;AdTech;Blockchain / Digital Assets;Supply Chain / Logistics;RegTech;Healthcare - Pharma & Drug Development;Alternative Energy;Consumer - Retail;PropTech / Real Estate;Media;Mobility;Consumer - Tech;InsurTech;Sustainability;FinTech;IoT;Healthcare - Medical Devices,USA,Pre-seed and earlier;Seed;Series A;Series B,Yes,2022-09-12 01:23:55
rec1227381032,Divya Haddad,Vector Holdings,Venture Partner,,,,USA;Canada,Seed;Series A,Yes,2021-01-26 04:54:33
rec4917850205,Nikhil Kapoor,Fathom Ventures,Managing Partner,Venture Capital;Other,,,USA;Canada;Latin America/Caribbean;South America;Europe;Africa;Middle East;East Asia;India;Southeast Asia;Australia/Oceania,Pre-seed and earlier;Seed;Not investing right now.,Yes,2023-02-23 02:26:41
rec5767100215,Ishaan Rossi,Northgate Holdings,,,,Consumer - Retail;Artificial Intelligence;Cybersecurity;ClimateTech;Alternative Energy;Education;Hardware / HardTech;Human Resources;Supply Chain / Logistics;IoT;Sustainability;Materials Science;AdTech;LegalTech;Gaming;Food / Alternative Protein;Blockchain / Digital Assets;DeepTech;SportsTech;Consumer - Tech;FinTech;Healthcare - Pharma & Drug Development;RegTech;SpaceTech;Enterprise SaaS;AR  / VR;Healthcare - Digital Health,,,,2020-02-10 18:57:15
rec4896850322,Priya Novak,Granite Labs,Partner,Entrepreneur;Operator,,,USA;Canada;Latin America/Caribbean;South America;India,Not investing right now.,Yes,2023-07-31 22:02:10
rec1213489362,Grace Costa,Halfmoon Holdings,General Partner,,,AdTech;Artificial Intelligence;Blockchain / Digital Assets;Consumer - Tech;Cybersecurity;DeepTech;Education;Enterprise SaaS;FinTech;Future of Work / Productivity;Gaming;Human Resources;InsurTech;LegalTech;Marketplace;Mobility;PropTech / Real Estate;RegTech;Social Networks / Apps;SportsTech;Supply Chain / Logistics;Sustainability;TravelTech,USA;Canada,Seed;Series A;Series B,Yes,2021-11-21 21:02:51
rec9694506980,Omar Doyle,Alder Fund,Principal,,,Artificial Intelligence;AR  / VR;ClimateTech;DeepTech;IoT;Mobility;Robotics;SpaceTech,USA;Canada,Pre-seed and earlier;Seed;Series A,Yes,2021-11-11 15:44:50
rec2014544730,Ananya Kovac,Ember Group,,,,,USA;Canada,Pre-seed and earlier;Seed,,2020-07-01 19:33:23
rec3779907038,Grace Sethi,Halfmoon Collective,founder,Angel Investor;Venture Capital,50~100k,Blockchain / Digital Assets;Cybersecurity;FinTech;Gaming,Southeast Asia,Pre-seed and earlier;Seed;Series A,Yes,2023-05-04 08:35:55
rec8648081152,Ravi Nair,Ironwood Partners,Investment Analyst,,,,USA;Middle East,Seed;Series A;Series B,,2020-07-24 21:35:24
rec1405429550,Owen Kapoor,Vector Holdings,Principal,Venture Capital,,AdTech;Agriculture;Artificial Intelligence;Blockchain / Digital Assets;ClimateTech;Consumer - Tech;Cybersecurity;DeepTech;Education;Enterprise SaaS;FinTech;Food / Alternative Protein;Future of Work / Productivity;Human Resources;InsurTech;IoT;LegalTech;Marketplace;Media;Mobility;PropTech / Real Estate;Robotics;Social Networks / Apps;Supply Chain / Logistics;TravelTech,USA;Canada;Latin America/Caribbean;South America;Europe;Africa;Middle East;East Asia;India;Southeast Asia;Australia/Oceania,Seed;Series A,Yes,2023-08-16 20:51:25
rec1070219129,Nina Verma,Cinder Capital,,,,,India,Pre-seed and earlier;Seed;Series A,,2020-07-31 20:50:42
rec4892430462,Vikram Lindqvist,Quarry Partners,"Co-Founder/CEO, Angel Investor",,,,USA;Canada;Europe;East Asia,Pre-seed and earlier;Seed;Series A;Series B,Yes,2022-03-01 04:08:02
rec9029812489,Elena Doyle,Halfmoon Holdings,CEO,Entrepreneur,,Consumer - Retail;Enterprise SaaS;Mobility,Europe;East Asia,Not investing right now.,Yes,2022-06-09 14:46:08
rec2195239509,Ethan Tran,Vector Labs,Principal,Venture Capital,,AdTech;Agriculture;Artificial Intelligence;Blockchain / Digital Assets;ClimateTech;Consumer - Tech;Cybersecurity;DeepTech;Education;Enterprise SaaS;FinTech;Food / Alternative Protein;Future of Work / Productivity;Human Resources;InsurTech;IoT;LegalTech;Marketplace;Media;Mobility;PropTech / Real Estate;Robotics;Social Networks / Apps;Supply Chain / Logistics;TravelTech,USA;Canada;Latin America/Caribbean;South America;Europe;Africa;Middle East;East Asia;India;Southeast Asia;Australia/Oceania,Seed;Series A,Yes,2023-08-16 20:51:25
rec7861303118,Johan Byrne,Saltmarsh Collective,Senior Associate,,,Agriculture;Artificial Intelligence;ClimateTech;DeepTech;Food / Alternative Protein;Healthcare - Pharma & Drug Development;Materials Science;Robotics,USA;Canada;Latin America/Caribbean;South America;Europe,Pre-seed and earlier;Seed;Series A;Series B,Yes,2022-02-10 20:20:04
rec4766926196,Rohan Costa,Granite Partners,Mr.,,,,USA;Europe;India,Pre-seed and earlier;Seed,,2020-09-04 08:08:19
rec7531256553,Adam Lindqvist,Northgate Holdings,individual investor,,,AdTech;Artificial Intelligence;AR  / VR;Consumer - Tech;FinTech;Healthcare - Digital Health;Media;Mobility,USA,Seed;Series A;Series B,Yes,2021-09-08 15:29:41
rec2303926814,Noah Silva,Halfmoon Capital,General Partner,,,,India;Southeast Asia,Seed;Series A,Yes,2021-04-14 05:29:12
rec7906646971,Grace Sharma,halfmoon labs,CEO,Angel Investor;Private Equity;Corporate VC;Entrepreneur;Operator,,,USA;Canada;Europe;India,Pre-seed and earlier;Seed,Yes,2023-08-02 14:41:01
rec1582417475,Nikhil Park,Granite Labs,VP Marketing,,,Enterprise SaaS;FinTech;Hardware / HardTech,USA;Canada,Seed;Series A,Yes,2021-08-09 23:59:16
rec6762637779,Divya Bose,Harbour Holdings,Founder,Angel Investor;Entrepreneur;Operator,,Healthcare - Digital Health;Healthcare - Medical Devices,USA,Pre-seed and earlier;Seed,Yes,2023-01-23 17:35:03
rec3334885940,Sana Mehta,Halfmoon Ventures,President,Angel Investor;Venture Capital;Private Equity,50 - 500 K,Alternative Energy;FinTech;Healthcare - Digital Health;Healthcare - Medical Devices;Healthcare - Pharma & Drug Development;Marketplace;Media;Social Networks / Apps;TravelTech,USA,Pre-seed and earlier;Seed,Yes,2024-01-13 14:41:50
rec5788084141,Pieter Silva,Granite Fund,COO,,,Agriculture;FinTech;InsurTech,Latin America/Caribbean,Pre-seed and earlier;Seed;Series A,Yes,2021-07-22 22:22:31
rec8501687487,Owen Sharma,Fathom Partners,,,,,USA,Pre-seed and earlier;Seed;Series A,,2020-06-02 21:15:09
rec8275592305,Kiran Halvorsen,Ember Ventures,Managing Partner,,,,USA,Seed;Series A,Yes,2021-05-05 16:45:08
rec8970052201,Adam Shaw,Granite Labs,Founder / Investments,Angel Investor;Entrepreneur;Operator,$25k to $50k,AdTech;Alternative Energy;Artificial Intelligence;Cannabis;FinTech;Food / Alternative Protein;Future of Work / Productivity;Impact;Water,USA;Canada,Pre-seed and earlier;Seed;Series A,Yes,2023-03-10 20:02:22
rec3984592764,Meera Kovac,Ironwood Holdings,Partner,,,,USA;Canada;Europe;East Asia;India;Southeast Asia;Australia/Oceania,Seed;Series A;Series B,Yes,2021-07-20 23:22:47
rec2652318430,Sofia Adeyemi,Ironwood Partners,"Co-Founder, Managing Member",,,,USA;Canada,Seed;Series A;Series B,,2020-10-13 14:06:56
rec8830830435,Marco Khanna,Northgate Fund,Start-up CFO/Angel Investor,Angel Investor;Accelerator;Entrepreneur;Operator,$25K-$100K,Artificial Intelligence;Consumer - Retail;Consumer - Tech;DeepTech;Hardware / HardTech;Healthcare - Digital Health;Healthcare - Medical Devices;Healthcare - Pharma & Drug Development;PropTech / Real Estate;SportsTech;Sustainability;Water,USA;Canada;Latin America/Caribbean;South America;Europe,Pre-seed and earlier;Seed;Series A,Yes,2024-01-16 01:11:57
rec6105685073,Adam Reid,Saltmarsh Collective,Founder,Angel Investor,Varies,AdTech;Artificial Intelligence;AR  / VR;Blockchain / Digital Assets;Enterprise SaaS;Media;Social Networks / Apps,USA,Pre-seed and earlier;Seed,Yes,2022-04-07 18:25:05
rec2520844821,Arjun Fletcher,Lantern Advisors,Investor,,,AdTech;Agriculture;Artificial Intelligence;AR  / VR;Blockchain / Digital Assets;Cybersecurity;DeepTech;Education;Enterprise SaaS;FinTech;Future of Work / Productivity;Gaming;Hardware / HardTech;Healthcare - Digital Health;Human Resources;InsurTech;IoT;Media;Mobility;PropTech / Real Estate;RegTech;Robotics;SpaceTech;SportsTech;Supply Chain / Logistics;TravelTech,USA;Canada;Europe;Middle East,Pre-seed and earlier;Seed,Yes,2021-07-14 19:15:02
rec6372520715,Ananya Rao,,Managing Director,Venture Capital,,Blockchain / Digital Assets;FinTech,Latin America/Caribbean;South America,Seed,Yes,2022-08-22 18:58:27
rec2674846394,Kabir Braun,Granite Advisors,Vice President,,,Agriculture;Artificial Intelligence;Food / Alternative Protein;Healthcare - Digital Health;Healthcare - Medical Devices;Healthcare - Pharma & Drug Development,USA,Seed;Series A;Series B,Yes,2021-11-12 16:46:47
rec8122185580,Marco Baker,Fathom Collective,Principal,Angel Investor;Venture Capital,,Consumer - Tech;Education;Enterprise SaaS;FinTech;Future of Work / Productivity;InsurTech;LegalTech;Marketplace;PropTech / Real Estate;TravelTech,USA;Europe;Middle East,Seed;Series A,Yes,2022-04-27 10:10:07
rec6522255991,Yusuf Iyer,Kestrel Ventures,Managing Director,,,,USA;Latin America/Caribbean;Europe;Middle East,Seed;Series A;Series B,Yes,2021-01-27 08:23:22
rec5975041015,Chloe Reid,Granite Capital,Partner,Angel Investor;Family Office;Venture Capital;Corporate VC;Entrepreneur;Operator,NA,Alternative Energy;Artificial Intelligence;Blockchain / Digital Assets;ClimateTech;Cybersecurity;DeepTech;Enterprise SaaS;FinTech;Future of Work / Productivity;Gaming;Healthcare - Digital Health;Healthcare - Medical Devices;Healthcare - Pharma & Drug Development;InsurTech;IoT;LegalTech;Marketplace;Supply Chain / Logistics;Sustainability,USA;Canada;Latin America/Caribbean;South America;Europe;Africa;Middle East;East Asia;India;Southeast Asia;Australia/Oceania,Pre-seed and earlier;Seed;Series A;Series B,Yes,2023-08-16 15:01:34
rec7266658364,Elena Byrne,,N/A,,,AdTech,USA;Latin America/Caribbean;India,Pre-seed and earlier;Seed;Series A;Series B;Series C+,Yes,2021-02-13 18:10:56
rec5624966672,Johan Tran,Northgate Fund,Senior Strategy & Investment Manager,,,,USA;Canada;East Asia,Seed;Series A;Series B;Series C+,Yes,2021-01-26 23:51:06
rec3337113627,Sofia Iyer,Granite Ventures,Principal Investor,Venture Capital;Entrepreneur,,Artificial Intelligence;Healthcare - Digital Health;Healthcare - Medical Devices;Healthcare - Pharma & Drug Development,USA,Pre-seed and earlier;Seed;Series A,Yes,2025-05-01 02:59:14
rec9004440194,Anna Rao,Harbour Holdings,Partner,Angel Investor;Accelerator;Venture Capital,,,USA,Pre-seed and earlier;Seed,Yes,2026-06-05 07:14:17
rec5781693249,Yusuf Hughes,Kestrel Holdings,Principal,Venture Capital,,Blockchain / Digital Assets;ClimateTech;DeepTech;Education;Enterprise SaaS;Healthcare - Digital Health;InsurTech;LegalTech;Robotics;SpaceTech;Sustainability,USA;Canada,Seed;Series A,Yes,2022-09-09 12:26:50
rec5668310417,Chloe Rao,Halfmoon Capital,Principal,,,Artificial Intelligence;AR  / VR;Blockchain / Digital Assets;Consumer - Tech;Enterprise SaaS;Food / Alternative Protein;Future of Work / Productivity;Gaming;Healthcare - Digital Health;Healthcare - Medical Devices;Human Resources;Marketplace;SportsTech,USA;Canada;Europe,Series B;Series C+,Yes,2022-01-22 01:21:22
rec8615102376,Rohan Iyer,Halfmoon Labs,,,,,,,,2020-05-01 07:32:30
rec3122500367,Nina Baker,Saltmarsh Collective,CEO / Investment Director / Legal Counsel,,,,USA;Europe,Pre-seed and earlier;Seed;Series A;Series B,Yes,2021-02-08 11:50:17
rec9771691720,Leila Sharma,Granite Advisors,NA,,,,South America,Series A,Yes,2021-10-18 10:12:26
rec5882155980,Noah Lindqvist,Quarry Ventures,CTO,Angel Investor;Operator,,AdTech;Agriculture;Alternative Energy;Artificial Intelligence;AR  / VR;Blockchain / Digital Assets;Cannabis;ClimateTech;Consumer - Retail;Consumer - Tech;Cybersecurity;DeepTech;Education;Enterprise SaaS;FinTech;Food / Alternative Protein;Future of Work / Productivity;Gaming;Hardware / HardTech;Healthcare - Digital Health;Healthcare - Medical Devices;Healthcare - Pharma & Drug Development;Human Resources;Impact;InsurTech;IoT;LegalTech;Marketplace;Materials Science;Media;Mobility;PropTech / Real Estate;RegTech;Robotics;Social Networks / Apps;SpaceTech;SportsTech;Supply Chain / Logistics;Sustainability;TravelTech;Water,USA;East Asia,Pre-seed and earlier;Seed;Series A;Series B;Series C+,Yes,2022-04-06 15:21:44
rec9157558290,Tara Hughes,Kestrel Labs,MD,,,Agriculture;Alternative Energy;Artificial Intelligence;Blockchain / Digital Assets;ClimateTech;Consumer - Retail;Consumer - Tech;Education;Enterprise SaaS;FinTech;Future of Work / Productivity;Healthcare - Digital Health;Human Resources;Impact;InsurTech;IoT;LegalTech;Marketplace;Media;Mobility;PropTech / Real Estate;Robotics;Supply Chain / Logistics;Sustainability;Water,USA;Latin America/Caribbean;South America,Pre-seed and earlier;Seed;Series A,Yes,2022-03-21 20:41:38
rec1098013366,Ishaan Karim,Meridian Ventures,Partner,Other,,Enterprise SaaS;FinTech;Hardware / HardTech;Healthcare - Digital Health;Human Resources;InsurTech;IoT,USA;Canada;Europe,Seed;Series A,Yes,2022-01-21 19:13:15
rec1664535100,Johan Kapoor,Alder Fund,Vice President,,,,USA,Series A;Series B;Series C+,Yes,2021-01-27 22:44:27
rec3283551461,Nikhil Bose,Meridian Capital,Investor Life Sciences & MedTech,,,,Europe,Pre-seed and earlier;Seed;Series A;Series B,Yes,2021-03-04 07:40:24
rec6837650372,Sameer Bose,Kestrel Ventures,CEO,Operator,,,USA;Canada,Pre-seed and earlier,Yes,2022-05-06 19:13:13
rec1095477513,Ananya Dubois,Vector Ventures,Consulting CFO - Venture & Corporate,,,Artificial Intelligence;Consumer - Tech;Enterprise SaaS;FinTech;Future of Work / Productivity;Mobility;Social Networks / Apps;SportsTech;TravelTech,USA;Canada,Pre-seed and earlier;Seed,Yes,2021-08-05 23:14:03
rec2046719170,Noah Hughes,Vector Ventures,"Founder, General Partner",Angel Investor;Family Office;Venture Capital;Growth Equity,,Agriculture;Alternative Energy;ClimateTech;Education;Food / Alternative Protein;Future of Work / Productivity;Healthcare - Digital Health;Sustainability;Water,USA,Series A;Series B;Series C+,Yes,2022-08-26 17:32:37
rec3215828392,Vikram Khanna,Quarry Group,Associate Investor,,,Healthcare - Digital Health;Healthcare - Medical Devices;Healthcare - Pharma & Drug Development,USA,Seed;Series A,Yes,2022-02-14 19:04:01
rec3192824968,Ananya Silva,Fathom Group,Director,Family Office;Venture Capital,,Healthcare - Pharma & Drug Development,USA;East Asia,Seed;Series A;Series B,Yes,2023-09-21 19:18:26
rec9145599069,Rhea Moreau,Granite Capital,"EIR, Singapore Advisor",Venture Capital;Entrepreneur;Operator,,Agriculture;Artificial Intelligence;Blockchain / Digital Assets;Consumer - Retail;Consumer - Tech;Education;Enterprise SaaS;FinTech;Food / Alternative Protein;Future of Work / Productivity;Healthcare - Digital Health;Healthcare - Medical Devices;Impact;InsurTech;Robotics;Supply Chain / Logistics;Sustainability,East Asia;Southeast Asia,Pre-seed and earlier;Seed;Series A,Yes,2023-05-27 06:49:06
rec1617951071,Johan Chen,Saltmarsh Capital,Managing Partner,Angel Investor;Venture Capital,,,USA;Canada;Latin America/Caribbean;South America;Europe;Africa;Middle East;East Asia;India;Southeast Asia;Australia/Oceania,Pre-seed and earlier;Seed,Yes,2026-03-03 19:00:52
rec3404450567,Divya Shaw,Granite Capital,Principal,Angel Investor;Family Office;Venture Capital;Growth Equity;Private Equity;Operator;Other,$50k-$3mn,,USA;Canada;Europe,Pre-seed and earlier;Seed;Series A;Series B;Series C+,Yes,2023-03-10 17:04:28
rec2946418691,Priya Baker,Granite Ventures,Head of VC Coverage (also Fund and Angel investor),,,,USA;Canada,Seed;Series A,Yes,2021-01-14 17:28:09
rec7683359002,Nikhil Karim,Harbour Holdings,Principal,,,,USA;Canada;Latin America/Caribbean;Europe;Middle East;East Asia;Southeast Asia,Pre-seed and earlier;Seed;Series A;Series B,Yes,2022-01-22 02:08:31
rec4806943843,Arjun Watanabe,Ironwood Labs,Partner,,,,USA,Pre-seed and earlier;Seed,Yes,2020-11-24 01:34:38
rec1628058736,Dev Haddad,Saltmarsh Collective,N/A,,,,USA,Pre-seed and earlier;Seed,,2020-11-02 20:44:52
rec5311283411,Sameer Chen,Alder Fund,"Cofounder, Chief Growth Officer",Entrepreneur;Operator;Other,,AdTech;Agriculture;Alternative Energy;Artificial Intelligence;AR  / VR;Blockchain / Digital Assets;Cannabis;ClimateTech;Consumer - Retail;Consumer - Tech;Cybersecurity;DeepTech;Education;Enterprise SaaS;FinTech;Food / Alternative Protein;Future of Work / Productivity;Gaming;Hardware / HardTech;Healthcare - Digital Health;Healthcare - Medical Devices;Healthcare - Pharma & Drug Development;Human Resources;Impact;InsurTech;IoT;LegalTech;Marketplace;Materials Science;Media;Mobility;PropTech / Real Estate;RegTech;Robotics;Social Networks / Apps;SpaceTech;SportsTech;Supply Chain / Logistics;Sustainability;TravelTech;Water,Europe;East Asia;Southeast Asia;Australia/Oceania,Pre-seed and earlier;Not investing right now.,Yes,2023-07-19 08:28:50
rec4734939370,Chloe Kapoor,Fathom Partners,Sr. Partner / COO,,,Alternative Energy;Blockchain / Digital Assets;ClimateTech;Consumer - Retail;Consumer - Tech;Cybersecurity;Education;Enterprise SaaS;FinTech;Future of Work / Productivity;Healthcare - Digital Health;Healthcare - Medical Devices;Human Resources;Impact;IoT;Media;Mobility;RegTech;Sustainability;Water,USA,Pre-seed and earlier;Seed;Series A,Yes,2022-03-30 21:04:54
rec1772643455,Priya Baker,Alder Fund,Managing Director,Venture Capital,,AdTech;Artificial Intelligence;AR  / VR;Blockchain / Digital Assets;Cannabis;ClimateTech;Consumer - Retail;Consumer - Tech;Cybersecurity;DeepTech;Education;Enterprise SaaS;FinTech;Food / Alternative Protein;Future of Work / Productivity;Hardware / HardTech;Healthcare - Digital Health;Healthcare - Medical Devices;Human Resources;InsurTech;IoT;LegalTech;Marketplace;PropTech / Real Estate;RegTech;SpaceTech;SportsTech;TravelTech;Water,USA;Canada;Latin America/Caribbean;Europe,Pre-seed and earlier;Seed;Series A,Yes,2025-01-15 19:48:32
rec3680146698,Omar Novak,,Founder & Managing Partner,Entrepreneur;Operator,N/A,Healthcare - Digital Health;Healthcare - Medical Devices;Healthcare - Pharma & Drug Development;SportsTech,USA;Canada,Not investing right now.,Yes,2023-08-22 01:02:20
rec5428676864,Adam Byrne,Granite Advisors,Venture Capital Analyst,Venture Capital;Corporate VC,,,USA;Canada;Europe,Seed;Series A,Yes,2022-05-10 18:33:12
rec9805362475,Elena Khanna,Granite Advisors,Managing Partner,,,Consumer - Tech;Healthcare - Digital Health;InsurTech;Supply Chain / Logistics;Sustainability,USA,Seed,Yes,2021-11-23 17:04:06
rec9044691967,Ishaan Aziz,Ember Group,Principal,,,,USA;Canada;Latin America/Caribbean;South America;Europe;East Asia;Southeast Asia;Australia/Oceania,Pre-seed and earlier;Seed;Series A;Series B,Yes,2021-04-22 16:46:01
rec2436757362,Noah Moreau,Copperline Capital,Managing Director,Angel Investor;Family Office;Venture Capital;Entrepreneur;Operator,10k to $100k and my co-investors are anywhere between 100-3M+,,USA;Canada;Latin America/Caribbean;South America,Pre-seed and earlier;Seed;Series A;Series B,Yes,2023-10-19 15:20:26
rec8749491047,Kabir Rossi,Kestrel Advisors,Investor & LP,Angel Investor;Venture Capital;Entrepreneur,$25-100k,Alternative Energy;Artificial Intelligence;ClimateTech;Consumer - Retail;Consumer - Tech;DeepTech;Enterprise SaaS;Future of Work / Productivity;Hardware / HardTech;IoT;Marketplace;Materials Science;Media;Mobility;PropTech / Real Estate;Robotics;SpaceTech;Supply Chain / Logistics;Sustainability,USA;Canada,Pre-seed and earlier;Seed;Series A;Series B,Yes,2026-03-07 00:01:20
rec3011549470,Lukas Iyer,Granite Partners,Co-Founder/CEO,Entrepreneur;Operator,,SportsTech;Consumer - Retail;Water;LegalTech;TravelTech;Gaming;Cybersecurity;Sustainability;Education;InsurTech;Healthcare - Digital Health;Healthcare - Pharma & Drug Development;Consumer - Tech;ClimateTech;Healthcare - Medical Devices;Blockchain / Digital Assets;AdTech;Food / Alternative Protein;Hardware / HardTech;AR  / VR;Robotics;Supply Chain / Logistics;Enterprise SaaS;Mobility;RegTech;Future of Work / Productivity;FinTech,USA;Canada,Pre-seed and earlier;Seed;Not investing right now.,Yes,2023-08-29 17:07:03
rec6372588586,Julia Khanna,Vector Labs,Managing Partner,Angel Investor;Venture Capital,,AdTech;Agriculture;Alternative Energy;Artificial Intelligence;AR  / VR;Blockchain / Digital Assets;Cannabis;ClimateTech;Consumer - Retail;Consumer - Tech;Cybersecurity;DeepTech;Education;Enterprise SaaS;FinTech;Food / Alternative Protein;Future of Work / Productivity;Gaming;Hardware / HardTech;Healthcare - Digital Health;Healthcare - Medical Devices;Healthcare - Pharma & Drug Development;Human Resources;Impact;InsurTech;IoT;LegalTech;Marketplace;Materials Science;Media;Mobility;PropTech / Real Estate;RegTech;Robotics;Social Networks / Apps;SpaceTech;SportsTech;Supply Chain / Logistics;Sustainability;TravelTech;Water,USA;Canada;East Asia,Seed;Series A;Series B;Series C+,Yes,2026-06-29 19:53:06
rec5699341196,Ishaan Kapoor,Ironwood Holdings,MANAGING PARTNER,,,,USA,Seed;Series A,Yes,
rec6084671628,Priya Dubois,Vector Fund,Venture Partner,,,,USA;Canada,Seed;Series A;Series B,Yes,2021-01-07 15:30:00
rec8853449802,Anna Kovac,Copperline Ventures,CEO,,,Blockchain / Digital Assets;DeepTech;Hardware / HardTech;SpaceTech,USA;Canada;Latin America/Caribbean;South America;Europe,Pre-seed and earlier;Seed,Yes,2022-03-16 22:41:03
rec7086647127,Sofia Rao,Fathom Partners,Managing Director,,,,USA;Canada,Pre-seed and earlier;Seed;Series A,,2020-07-20 20:06:57
rec7482661332,,Granite Ventures,"Sr. Director, Business Development",Angel Investor;Corporate VC,,,USA;East Asia,Pre-seed and earlier;Seed;Series A,Yes,2022-11-19 01:30:34
rec7096842742,Aarav Byrne,Ironwood Holdings,Founder & CEO,,,,USA;India,Pre-seed and earlier;Seed;Series A,,2020-06-03 22:12:35
rec2952213843,Elena Watanabe,Granite Advisors,,,,,,,,2020-02-25 01:37:21
rec5998778135,Ravi Halvorsen,Granite Group,Principal,Venture Capital;Growth Equity,,Healthcare - Digital Health;Healthcare - Medical Devices,USA,Series A;Series B;Series C+,Yes,2022-08-26 23:53:55
rec3675879550,Noah Dubois,Saltmarsh Ventures,Managing Partner,,,Consumer - Retail;Consumer - Tech;FinTech;Food / Alternative Protein;Future of Work / Productivity;Hardware / HardTech;Healthcare - Digital Health;Healthcare - Medical Devices;InsurTech;Marketplace;PropTech / Real Estate;SportsTech;Supply Chain / Logistics;Sustainability,USA,Pre-seed and earlier;Seed,Yes,2021-11-09 05:06:48
rec5711651877,Divya Dubois,Quarry Partners,CIO,,,,USA;Canada,Pre-seed and earlier;Seed;Series A;Series B;Series C+,,2020-10-21 23:19:52
rec7803513507,Omar Silva,Fathom Collective,Venture Partner,Venture Capital;Entrepreneur;Operator,,,USA;Canada;South America;Europe,Pre-seed and earlier;Seed,Yes,2026-03-30 17:49:20
rec7643524519,Kiran Verma,Granite Labs,Managing Partner,,,,USA;Canada;Latin America/Caribbean;South America,Pre-seed and earlier;Seed;Series A,,2020-10-21 16:40:32
rec6413653458,Lukas Bose,Saltmarsh Ventures,Managing Partner / CEO,Other,,AdTech;Agriculture;Alternative Energy;Artificial Intelligence;AR  / VR;Blockchain / Digital Assets;Cannabis;ClimateTech;Consumer - Retail;Consumer - Tech;Cybersecurity;DeepTech;Education;Enterprise SaaS;FinTech;Food / Alternative Protein;Future of Work / Productivity;Gaming;Hardware / HardTech;Healthcare - Digital Health;Healthcare - Medical Devices;Healthcare - Pharma & Drug Development;Human Resources;Impact;InsurTech;IoT;LegalTech;Marketplace;Materials Science;Media;Mobility;PropTech / Real Estate;RegTech;Robotics;Social Networks / Apps;SpaceTech;SportsTech;Supply Chain / Logistics;Sustainability;TravelTech;Water,USA;Canada;Europe;Africa,Pre-seed and earlier;Seed;Series A;Series B;Series C+,Yes,2021-11-19 03:09:29
rec3514741719,Anna Park,Quarry Advisors,,,,,,,,2020-02-17 12:44:52
rec5004855358,Sameer Haddad,Alder Fund,"Director, Technology Partnerships",,,Healthcare - Pharma & Drug Development,USA,Not investing right now.,Yes,2023-09-27 14:20:28
rec1261077551,Johan Halvorsen,Kestrel Ventures,Managing Director,,,,USA;Canada;Latin America/Caribbean;South America;Europe;Middle East;India;Southeast Asia;Australia/Oceania,Pre-seed and earlier;Seed;Series A,,2020-07-12 20:29:54
rec2898174029,Neha Hughes,Copperline Capital,General Partner,Angel Investor;Family Office;Venture Capital;Entrepreneur;Operator,10-25K USD,,USA;East Asia,Pre-seed and earlier;Seed;Series A,Yes,2022-09-25 14:10:39
rec6211170851,Nina Doyle,Fathom Group,Principal,,,,USA;Canada;Latin America/Caribbean;Europe;Middle East;East Asia;Southeast Asia,Pre-seed and earlier;Seed;Series A;Series B,Yes,2022-01-22 02:08:31
rec2613519195,Adam Palmer,Vector Advisors,Partner,,,,USA;Canada;Latin America/Caribbean;South America;Europe;Africa;Middle East;East Asia;India;Southeast Asia;Australia/Oceania,Pre-seed and earlier;Seed,Yes,2021-04-21 15:48:14
rec9901184486,Kabir Iyer,Quarry Advisors,Head of VC Coverage (also Fund and Angel investor),,,,USA;Canada,Seed;Series A,Yes,2021-01-14 17:28:09
rec6124607215,Tara Bose,Fathom Collective,CEO,Angel Investor;Entrepreneur;Operator,$100-$150K,FinTech;InsurTech;PropTech / Real Estate,USA;Canada;Latin America/Caribbean;South America;Europe;Middle East,Pre-seed and earlier;Seed;Series A;Series B,Yes,2023-02-22 01:33:59
rec1386978178,Maya Iyer,Quarry Fund,Principal,,,Enterprise SaaS;Consumer - Retail;Alternative Energy;Agriculture;Mobility;AdTech;Healthcare - Digital Health;AR  / VR;Water;Human Resources;Healthcare - Pharma & Drug Development;Artificial Intelligence;InsurTech;Marketplace;DeepTech;ClimateTech;Healthcare - Medical Devices;TravelTech;Sustainability;RegTech;Media;Education;Food / Alternative Protein;Supply Chain / Logistics;Hardware / HardTech;Social Networks / Apps;FinTech,USA;India,Pre-seed and earlier;Seed;Series A,Yes,2021-07-30 07:17:48
rec8806150689,Chloe Mehta,Halfmoon Collective,"CEO, Co-founder, Partner",Angel Investor;Venture Capital;Entrepreneur,Up to 50K,Artificial Intelligence;AR  / VR;DeepTech;Enterprise SaaS;SpaceTech;Supply Chain / Logistics;Sustainability,USA;Europe,Pre-seed and earlier;Seed,Yes,2023-03-11 23:30:02
rec3758508311,Vikram Nair,Fathom Partners,General Partner,,,,USA;Canada;Latin America/Caribbean;South America;Europe;Africa;Middle East;East Asia;India;Southeast Asia;Australia/Oceania,Pre-seed and earlier;Seed;Series A;Series B;Series C+,Yes,2021-04-28 16:32:47
rec6727674079,Adam Rossi,Vector Labs,Managing Director,,,,USA;Canada,Pre-seed and earlier;Seed,Yes,2020-11-19 14:55:49
rec6397199769,Leila Adeyemi,Saltmarsh Ventures,Associate Director,Venture Capital,,,Europe;Africa;Middle East,Series A;Not investing right now.,Yes,2022-09-09 12:18:26
rec9415259314,Grace Dubois,Meridian Ventures,Managing Partner / CEO,Other,,AdTech;Agriculture;Alternative Energy;Artificial Intelligence;AR  / VR;Blockchain / Digital Assets;Cannabis;ClimateTech;Consumer - Retail;Consumer - Tech;Cybersecurity;DeepTech;Education;Enterprise SaaS;FinTech;Food / Alternative Protein;Future of Work / Productivity;Gaming;Hardware / HardTech;Healthcare - Digital Health;Healthcare - Medical Devices;Healthcare - Pharma & Drug Development;Human Resources;Impact;InsurTech;IoT;LegalTech;Marketplace;Materials Science;Media;Mobility;PropTech / Real Estate;RegTech;Robotics;Social Networks / Apps;SpaceTech;SportsTech;Supply Chain / Logistics;Sustainability;TravelTech;Water,USA;Canada;Europe;Africa,Pre-seed and earlier;Seed;Series A;Series B;Series C+,Yes,2021-11-19 03:09:29
rec5432496008,,Riverstone Partners,Consulting CFO - Venture & Corporate,,,Artificial Intelligence;Consumer - Tech;Enterprise SaaS;FinTech;Future of Work / Productivity;Mobility;Social Networks / Apps;SportsTech;TravelTech,USA;Canada,Pre-seed and earlier;Seed,Yes,2021-08-05 23:14:03
rec8921560412,Ananya Kapoor,Granite Partners,co-founder/AI builder,Angel Investor;Entrepreneur;Operator,5k-15k,Artificial Intelligence;DeepTech;Enterprise SaaS;Marketplace;SpaceTech,USA,Pre-seed and earlier;Seed,Yes,2023-07-13 21:30:06
rec9906954930,Maya Park,Quarry Advisors,Managing Partner,,,AdTech;Agriculture;Artificial Intelligence;AR  / VR;Blockchain / Digital Assets;DeepTech;Enterprise SaaS;FinTech;Food / Alternative Protein;Gaming;InsurTech;IoT;LegalTech;Marketplace;Materials Science;PropTech / Real Estate;Robotics;SpaceTech;TravelTech,USA;Canada,Pre-seed and earlier;Seed,Yes,2021-08-30 18:21:49
rec3216916214,Nikhil Novak,Lantern Fund,General Partner,,,AdTech;Artificial Intelligence;Blockchain / Digital Assets;Consumer - Tech;Cybersecurity;DeepTech;Education;Enterprise SaaS;FinTech;Future of Work / Productivity;Gaming;Human Resources;InsurTech;LegalTech;Marketplace;Mobility;PropTech / Real Estate;RegTech;Social Networks / Apps;SportsTech;Supply Chain / Logistics;Sustainability;TravelTech,USA;Canada,Seed;Series A;Series B,Yes,2021-11-21 21:02:51
rec6220070002,Nikhil Baker,Halfmoon Fund,CEO and CoFounder,Entrepreneur;Operator,,,USA,Pre-seed and earlier;Seed;Not investing right now.,Yes,2025-08-22 17:16:05
rec3930153063,,Drift Labs,Scout,,,Healthcare - Pharma & Drug Development;Impact;Agriculture;SportsTech;Enterprise SaaS;AR  / VR;Artificial Intelligence;LegalTech;Robotics;SpaceTech;Consumer - Retail;Alternative Energy;RegTech;FinTech;Marketplace;Education;IoT;Sustainability;PropTech / Real Estate;Water;Future of Work / Productivity;Mobility;Consumer - Tech;Food / Alternative Protein;DeepTech;Gaming;AdTech,USA,Pre-seed and earlier;Seed,Yes,2021-10-30 18:27:06
rec5948369358,,Fathom Group,Managing Partner,Venture Capital;Private Equity,,Healthcare - Medical Devices;Healthcare - Pharma & Drug Development,USA;Canada;South America;Europe;Middle East;India;Australia/Oceania,Seed;Series A;Series B,Yes,2022-11-18 17:16:39
rec6952590552,Adam Fletcher,Harbour Capital,,,,,,,,2020-02-25 01:37:21
rec7712210597,Marco Reid,Harbour Capital,CEO,Entrepreneur,,Consumer - Retail;Enterprise SaaS;Mobility,Europe;East Asia,Not investing right now.,Yes,2022-06-09 14:46:08
rec5828007811,Dev Hughes,Copperline Partners,Venture Associate,Venture Capital,,Cybersecurity;DeepTech;Education;Enterprise SaaS;FinTech;Future of Work / Productivity;Healthcare - Digital Health;RegTech,USA,Seed;Series A,Yes,2026-02-05 16:43:49
rec7085853814,Owen Palmer,Harbour Labs,US Partner,,,Healthcare - Digital Health;Healthcare - Medical Devices;IoT;Mobility,USA;Canada;Middle East,Pre-seed and earlier;Seed,Yes,2021-08-23 15:40:14
rec4698521471,Grace Bose,Saltmarsh Holdings,BD Director,Venture Capital;Other,,AdTech;DeepTech;Healthcare - Medical Devices;Healthcare - Pharma & Drug Development,USA;Europe;East Asia,Pre-seed and earlier;Seed;Series A;Series B;Series C+,Yes,2022-11-19 14:25:26
rec4367154974,Omar Silva,Halfmoon Collective,Founder,,,,USA,Pre-seed and earlier;Seed;Series A,,2020-06-03 13:32:34
rec5058273628,Tara Braun,Cinder Capital,,,,,,,,2020-02-10 22:12:42
rec8515034310,Rohan Okafor,Lantern Advisors,Senior Associate,,,,USA;Canada;Europe;Middle East,Pre-seed and earlier;Seed,Yes,2021-01-13 14:48:42
rec4403149264,,Fathom Partners,Founding Partner,Angel Investor;Accelerator;Venture Capital;Entrepreneur;Operator,"$20,000 to $3,000,000",Healthcare - Digital Health;Healthcare - Medical Devices,USA;East Asia;Southeast Asia,Pre-seed and earlier;Seed;Series A;Series B;Series C+,Yes,2024-01-16 00:24:12
rec8846411441,Johan Rossi,Vector Labs,Partner,,,Alternative Energy;Blockchain / Digital Assets;Consumer - Retail;Consumer - Tech;Enterprise SaaS;FinTech;Healthcare - Medical Devices;InsurTech;Marketplace;Mobility;PropTech / Real Estate;Supply Chain / Logistics,USA;Canada,Seed;Series A,Yes,2021-08-18 16:29:58
rec4969653506,Grace Hughes,Kestrel Holdings,,,,Education;Impact;SpaceTech;Future of Work / Productivity;Sustainability;Artificial Intelligence;Consumer - Tech;AR  / VR;AdTech;Healthcare - Digital Health;Healthcare - Pharma & Drug Development;Alternative Energy;RegTech;Blockchain / Digital Assets;Cybersecurity;Food / Alternative Protein;Robotics;Cannabis;Enterprise SaaS;IoT;Agriculture;Human Resources;DeepTech;Gaming;Water;Healthcare - Medical Devices;SportsTech,USA;Europe,Pre-seed and earlier;Seed;Series A,,2020-05-02 05:12:22
rec8149366283,Neha Khanna,Kestrel Ventures,CEO,Entrepreneur,,Artificial Intelligence;Blockchain / Digital Assets;Cybersecurity;Enterprise SaaS,USA,Not investing right now.,Yes,2022-06-14 13:57:02
rec4778508615,Elena Okafor,Vector Fund,Investor Relations Manager,Venture Capital,,Artificial Intelligence;ClimateTech;Cybersecurity;DeepTech;Education;Enterprise SaaS;FinTech;Future of Work / Productivity;Human Resources;Marketplace;Supply Chain / Logistics;Sustainability,USA;Canada;Europe,Pre-seed and earlier;Seed,Yes,2022-09-12 13:02:47
rec6234502970,Noah Dubois,Quarry Partners,Investor,Venture Capital,,Artificial Intelligence;ClimateTech;Education;FinTech;Healthcare - Digital Health;Impact;Marketplace;Sustainability,USA,Pre-seed and earlier;Seed;Series A,Yes,2023-04-24 19:30:37
rec5981868186,Noah Halvorsen,Harbour Holdings,Principal,,,,USA;Canada,Seed;Series A,Yes,2022-01-26 02:12:56
rec2706196116,Maya Kapoor,Saltmarsh Holdings,Partner,,,AdTech;Artificial Intelligence;AR  / VR;Consumer - Retail;Cybersecurity;DeepTech;Education;Enterprise SaaS;Future of Work / Productivity;Healthcare - Digital Health;Human Resources;LegalTech;Marketplace;PropTech / Real Estate;RegTech,USA;Europe,Seed;Series A,Yes,2021-08-12 20:11:52
rec3012895371,Anna Khanna,Granite Labs,,,,,,,,2020-02-16 08:38:18
rec1253237131,Tara Fletcher,Granite Advisors,Associate,Venture Capital,,Artificial Intelligence;ClimateTech;Impact;Sustainability,USA,Seed,Yes,2022-05-20 22:07:44
rec8422477078,Divya Costa,Copperline Ventures,Director of International Development,Angel Investor,"Average size $400,000.00",Agriculture;Consumer - Retail;Consumer - Tech;Education;Enterprise SaaS;Gaming;Hardware / HardTech;Healthcare - Medical Devices;Human Resources;Marketplace;Media;Mobility;Social Networks / Apps;Supply Chain / Logistics;TravelTech,USA;Canada,Pre-seed and earlier;Seed;Series A,Yes,2022-09-01 09:15:11
rec4932996118,Priya Costa,Quarry Advisors,Senior Associate,Venture Capital;Private Equity,,,USA;Africa,Series A;Series B;Series C+,Yes,2022-09-08 07:15:08
rec6620140497,Sana Rossi,Cinder Advisors,General Partner,,,AdTech;Artificial Intelligence;Blockchain / Digital Assets;Consumer - Tech;Cybersecurity;DeepTech;Education;Enterprise SaaS;FinTech;Future of Work / Productivity;Gaming;Human Resources;InsurTech;LegalTech;Marketplace;Mobility;PropTech / Real Estate;RegTech;Social Networks / Apps;SportsTech;Supply Chain / Logistics;Sustainability;TravelTech,USA;Canada,Seed;Series A;Series B,Yes,2021-11-21 21:02:51
rec3408308320,Julia Verma,Harbour Labs,Managing Partner,,,,USA;Southeast Asia,Seed;Series A,Yes,2021-01-08 03:13:01
rec2382136607,Sofia Hughes,Harbour Labs,Managing Partner,,,Enterprise SaaS;IoT;Cybersecurity;Education;Sustainability;SportsTech;Healthcare - Pharma & Drug Development;PropTech / Real Estate;Hardware / HardTech;Impact;Water;Consumer - Tech;DeepTech;Robotics;Social Networks / Apps;Gaming;Food / Alternative Protein;ClimateTech;Healthcare - Medical Devices;Marketplace;Materials Science;SpaceTech;Blockchain / Digital Assets;Future of Work / Productivity;AR  / VR;Alternative Energy;Agriculture,USA;Canada;Latin America/Caribbean;South America;Europe;Africa;Middle East;East Asia;India;Southeast Asia;Australia/Oceania,Pre-seed and earlier;Seed,Yes,2021-11-03 15:55:57
rec9376814624,Maya Novak,Halfmoon Collective,SR. MANAGER,,,AdTech,USA,Series A;Series B;Series C+,,
rec2065752615,Kabir Sharma,Ironwood Partners,Managing Partner,Angel Investor;Venture Capital;Operator,,,USA,Pre-seed and earlier;Seed,Yes,2022-08-24 14:02:18
rec9749801528,Anna Reid,Copperline Partners,Managing Partner,Venture Capital,,Healthcare - Digital Health;Healthcare - Medical Devices;Healthcare - Pharma & Drug Development,USA;Canada,Seed;Series A,Yes,2022-11-15 01:38:43
rec5750667099,,Granite Advisors,,,,,USA,Pre-seed and earlier;Seed;Series A,,2020-06-02 21:15:09
rec5233292436,Sameer Adeyemi,Vector Group,Partner,,,Blockchain / Digital Assets;Cybersecurity;DeepTech;Enterprise SaaS;FinTech;Robotics;SpaceTech,USA;Middle East,Series A;Series B;Series C+,Yes,2021-08-05 17:32:10
rec4058888841,Adam Dubois,Quarry Ventures,Associate,Venture Capital;Other,,Agriculture;ClimateTech;Food / Alternative Protein;Robotics;Sustainability,USA;Canada,Pre-seed and earlier;Seed,Yes,2022-08-29 11:59:00
rec5942154924,Arjun Moreau,Granite Fund,Managing Director,Venture Capital,,Blockchain / Digital Assets;FinTech,Latin America/Caribbean;South America,Seed,Yes,2022-08-22 18:58:27
rec5681443756,Anna Sharma,Ember Partners,General Partner,Venture Capital,,Alternative Energy;Artificial Intelligence;DeepTech;Enterprise SaaS;Future of Work / Productivity;Healthcare - Digital Health;Healthcare - Medical Devices;Human Resources;IoT;Robotics,USA;Canada,Pre-seed and earlier;Seed,Yes,2023-06-02 16:13:10
rec4563711754,Tara Silva,Drift Labs,,,,,,,,2020-05-01 13:47:40
rec3354731831,Sana Braun,Saltmarsh Holdings,CEO,Entrepreneur,,ClimateTech;Enterprise SaaS;FinTech;Future of Work / Productivity;Hardware / HardTech;IoT,USA;Europe,Pre-seed and earlier;Seed,Yes,2022-05-16 22:58:30
rec6494130849,Pieter Costa,Ironwood Holdings,,,,,,,,2020-02-10 19:09:49
rec8300931945,Ravi Rao,Granite Partners,Principal,,,,India,Series A,,2020-08-05 08:13:48
rec7420952144,Marco Baker,Fathom Collective,PRINCIPAL,Angel Investor;Venture Capital,,Consumer - Tech;Education;Enterprise SaaS;FinTech;Future of Work / Productivity;InsurTech;LegalTech;Marketplace;PropTech / Real Estate;TravelTech,USA;Europe;Middle East,Seed;Series A,Yes,
rec3257357751,Aarav Iyer,Vector Labs,Senior Associate,Family Office;Venture Capital;Corporate VC,,Blockchain / Digital Assets;Consumer - Tech;Enterprise SaaS;Future of Work / Productivity;IoT;Marketplace;PropTech / Real Estate;Robotics;Sustainability,USA;Canada;Europe;India;Southeast Asia;Australia/Oceania,Seed;Series A;Series B,Yes,2022-09-07 19:04:38
rec9566805583,Maya Moreau,Copperline Partners,CEO,Entrepreneur;Operator,,AdTech;Artificial Intelligence;Consumer - Retail;Consumer - Tech;Enterprise SaaS,USA,Pre-seed and earlier;Seed;Series A,Yes,2022-06-02 17:11:54
rec6056440503,,n/a,,Venture Capital;Entrepreneur;Operator,,,East Asia;Southeast Asia,Pre-seed and earlier;Seed;Series A,Yes,2023-05-27 06:49:06
rec5529819450,Neha Aziz,Halfmoon Ventures,Managing Director,Venture Capital;Other,,AdTech;Agriculture;Alternative Energy;Artificial Intelligence;Blockchain / Digital Assets;ClimateTech;Consumer - Retail;Consumer - Tech;Cybersecurity;DeepTech;Enterprise SaaS;FinTech;Food / Alternative Protein;Future of Work / Productivity;Hardware / HardTech;Healthcare - Digital Health;Healthcare - Medical Devices;Healthcare - Pharma & Drug Development;Impact;InsurTech;IoT;LegalTech;Materials Science;Media;Mobility;PropTech / Real Estate;RegTech;Robotics;SportsTech;Supply Chain / Logistics;Sustainability;TravelTech,USA;Canada;Latin America/Caribbean;South America;Europe;Middle East,Seed;Series A,Yes,2026-03-05 19:54:19
rec4069697166,Chloe Palmer,Cinder Advisors,Senior Director/Head of Investment Dept,Venture Capital;Corporate VC,,Healthcare - Medical Devices,East Asia,Seed;Series A;Series B;Series C+,Yes,2022-11-22 05:58:12
rec7101876661,Ishaan Kapoor,Ironwood Holdings,Managing Partner,,,,USA,Seed;Series A,Yes,2021-05-05 16:45:08
rec3623768346,Neha Baker,Quarry Advisors,CEO,Operator,,AdTech;Agriculture;Alternative Energy;Artificial Intelligence;AR  / VR;Blockchain / Digital Assets;Cannabis;ClimateTech;Consumer - Retail;Consumer - Tech;Cybersecurity;DeepTech;Education;Enterprise SaaS;FinTech;Food / Alternative Protein;Future of Work / Productivity;Gaming;Hardware / HardTech;Healthcare - Digital Health;Healthcare - Medical Devices;Healthcare - Pharma & Drug Development;Human Resources;Impact;InsurTech;IoT;LegalTech;Marketplace;Materials Science;Media;Mobility;PropTech / Real Estate;RegTech;Robotics;Social Networks / Apps;SpaceTech;SportsTech;Supply Chain / Logistics;Sustainability;TravelTech;Water,USA;Canada,Pre-seed and earlier,Yes,2022-05-06 19:13:13
rec6210502519,Yusuf Doyle,Saltmarsh Capital,VC,,,AdTech;Agriculture;Alternative Energy;Artificial Intelligence;AR  / VR;Blockchain / Digital Assets;ClimateTech;Consumer - Retail;Consumer - Tech;Cybersecurity;DeepTech;Education;Enterprise SaaS;FinTech;Food / Alternative Protein;Future of Work / Productivity;Gaming;Hardware / HardTech;Healthcare - Digital Health;Healthcare - Medical Devices;Healthcare - Pharma & Drug Development;Human Resources;Impact;InsurTech;IoT;LegalTech;Marketplace;Media;Mobility;PropTech / Real Estate;RegTech;Robotics;Social Networks / Apps;SpaceTech;SportsTech;Supply Chain / Logistics;Sustainability;TravelTech;Water,USA;Canada;Latin America/Caribbean;India,Pre-seed and earlier;Seed;Series A,Yes,2021-08-17 18:05:51
rec2565589127,Kiran Halvorsen,Ember Ventures Inc.,Managing Partner,,,,USA,Seed;Series A,Yes,
rec3592953295,,Quarry Group,Managing Director,Angel Investor;Entrepreneur;Other,100-250k,,USA,Pre-seed and earlier;Seed;Series A,Yes,2022-10-31 22:08:25
rec2396099592,Grace Sethi,Kestrel Labs,CEO,Angel Investor;Entrepreneur;Operator,$100-$150K,FinTech;InsurTech;PropTech / Real Estate,USA;Canada;Latin America/Caribbean;South America;Europe;Middle East,Pre-seed and earlier;Seed;Series A;Series B,Yes,2023-02-22 01:33:59
rec1712430525,Rohan Hughes,Ember Partners,Senior Associate,Family Office;Venture Capital;Corporate VC,,Blockchain / Digital Assets;Consumer - Tech;Enterprise SaaS;Future of Work / Productivity;IoT;Marketplace;PropTech / Real Estate;Robotics;Sustainability,USA;Canada;Europe;India;Southeast Asia;Australia/Oceania,Seed;Series A;Series B,Yes,2022-09-07 19:04:38
rec8375505674,Priya Tran,Northgate Fund,General Partner,,,,USA;Canada;South America;Africa,Pre-seed and earlier;Seed,Yes,2022-03-17 16:34:59
rec6255772863,Kabir Bose,Kestrel Collective,Partner,Venture Capital,,AR  / VR;Healthcare - Digital Health;Healthcare - Medical Devices;Healthcare - Pharma & Drug Development,USA;Canada;Europe,Pre-seed and earlier;Seed;Series A;Series B,Yes,2024-01-15 17:44:48
rec3951047738,Neha Verma,Meridian Ventures,Venture Partner,Angel Investor;Accelerator;Venture Capital,,Healthcare - Pharma & Drug Development;Hardware / HardTech;PropTech / Real Estate;Gaming;FinTech;Cybersecurity;IoT;Education;Mobility;SpaceTech;DeepTech;Water;Human Resources;ClimateTech;Future of Work / Productivity;Alternative Energy;Impact;Sustainability;Enterprise SaaS;AR  / VR;Food / Alternative Protein;TravelTech;Consumer - Retail;Supply Chain / Logistics;Consumer - Tech;AdTech;SportsTech,USA,Pre-seed and earlier;Seed;Series A,Yes,2024-01-15 16:52:07
rec3768770964,Lukas Khanna,Quarry Advisors,Investment Manager,,,,Europe,Pre-seed and earlier;Seed,Yes,2021-01-06 22:16:27
rec4064120654,Anna Byrne,Vector Ventures,Partner,,,AdTech,USA,Seed;Series A,,2020-08-05 17:18:36
rec4071527537,Elena Novak,Alder Fund,VP cyber investments,,,,Middle East,Pre-seed and earlier;Seed;Series A,Yes,2020-12-20 06:38:48
rec6074716658,Felix Byrne,Granite Group,,,,,,,,2020-02-12 03:52:11
rec8155817396,Tara Kapoor,Lantern Advisors,CEO,Entrepreneur,,,USA,Not investing right now.,Yes,2022-06-11 23:24:45
rec5765626609,Ishaan Tran,Saltmarsh Collective,Managing Partner,Venture Capital;Private Equity,,Healthcare - Pharma & Drug Development,USA;Canada;South America;Europe;Australia/Oceania,Pre-seed and earlier;Seed;Series A;Series B,Yes,2022-11-28 04:29:28
rec7857586315,,,,,,AdTech,USA;Latin America/Caribbean;South America,Series A;Series B,,2020-05-13 17:12:24
rec9182895519,Ishaan Karim,Cinder Advisors,Managing Partner/Founder,,,Artificial Intelligence;Blockchain / Digital Assets;Cybersecurity;Enterprise SaaS;FinTech;Future of Work / Productivity;Healthcare - Digital Health;InsurTech;Media;PropTech / Real Estate,Canada,Seed,Yes,2021-07-22 20:38:50
rec3267519093,Arjun Park,Kestrel Collective,CEO/Co-Founder,Entrepreneur,,Education;Enterprise SaaS;Future of Work / Productivity;Social Networks / Apps,USA,Not investing right now.,Yes,2022-06-13 21:52:32
rec3541225120,Arjun Rao,Copperline Capital,Senior Associate,,,AdTech,USA,Seed;Series A,,2020-08-13 16:28:28
rec2826189950,Anna Shaw,Fathom Collective,Investment Director,Venture Capital;Corporate VC;Entrepreneur;Other,,,USA,Seed;Series A;Series B,Yes,2022-08-18 20:24:17
rec4033990956,Ananya Halvorsen,Ember Group,Associate,,,AdTech,Europe;Middle East,Seed;Series A,,2020-08-19 06:26:08
